product_name,rating_number,rating_counter,product_price,number_reviews,sold_count,satisfaction,shop_name,shop_rating,shop_rating_counter,product_for
[HOT PRODUCT] PUMA Sepatu Lari Flyer Black-Black-White - 45,5,(230 rating),Rp799.000,Menampilkan 10 dari 95 ulasan,Terjual 750+,99% pembeli merasa puas,PUMA Indonesia,4.9,"(67,7 rb)",Male
"Sepatu Lari 910 Nineten Geist Ekiden - Abu Tua/Merah, 40",5,(17 rating),Rp479.900,Menampilkan 8 dari 8 ulasan,Terjual 30+,100% pembeli merasa puas,Kayak Outdoor,4.9,"(17,6 rb)",Male
"Sepatu Running Trail 910 Nineten Geist Ekiden Trail - HItam/Hijau, 44",5,(1 rating),Rp549.900,unknown,Terjual 1,100% pembeli merasa puas,Kayak Outdoor,4.9,"(17,6 rb)",Male
"Sepatu Lari 910 Nineten Aurorun - Navy/ungu, 39",5,(3 rating),Rp599.900,unknown,Terjual 12,100% pembeli merasa puas,Kayak Outdoor,4.9,"(17,6 rb)",Male
"Sepatu running 910 Nineten Kanzaki 2.0 - Hitam/Ungu, 40",5,(2 rating),Rp579.900,Menampilkan 1 dari 1 ulasan,Terjual 3,100% pembeli merasa puas,Kayak Outdoor,4.9,"(17,6 rb)",Male
"Sepatu Lari 910 Nineten Yuka Accel Addiction - Hijau, 41",5,(2 rating),Rp529.900,Menampilkan 1 dari 1 ulasan,Terjual 11,100% pembeli merasa puas,Kayak Outdoor,4.9,"(17,6 rb)",Male
"Sepatu Lari 910 Nineten Haze 1.5 - Hitam/Abu, 45",5,(28 rating),Rp449.900,Menampilkan 10 dari 12 ulasan,Terjual 40+,100% pembeli merasa puas,Kayak Outdoor,4.9,"(17,6 rb)",Male
"Sepatu Lari 910 Nineten Reishika Bolster - Biru/Jingga, 39",5,(15 rating),Rp599.900,Menampilkan 7 dari 7 ulasan,Terjual 24,100% pembeli merasa puas,Kayak Outdoor,4.9,"(17,6 rb)",Male
"Sepatu Lari 910 Nineten Haze Strike Prime - Hijau Teal/Lime, 39",5,(3 rating),Rp579.900,unknown,Terjual 3,100% pembeli merasa puas,Kayak Outdoor,4.9,"(17,6 rb)",Male
"Sepatu Lari 910 Nineten Ultra Ekiden 1.0 - Hijau-Tua, 39",5,(5 rating),Rp549.900,Menampilkan 2 dari 2 ulasan,Terjual 7,100% pembeli merasa puas,Kayak Outdoor,4.9,"(17,6 rb)",Male
"Sepatu Lari 910 Nineten Ultra Ekiden 1.0 - Hijau-Tua, 39",5,(5 rating),Rp549.900,Menampilkan 2 dari 2 ulasan,Terjual 7,100% pembeli merasa puas,Kayak Outdoor,4.9,"(17,6 rb)",Male
"Gvl Geovelli Marco Nevy Sepatu Sneakers Pria Lari Olahraga Cowok Kuliah Sport Running Sneaker Casual Shoes Kasual - G-3130 Marco, 39",5,(1 rating),Rp179.550,Menampilkan 1 dari 1 ulasan,Terjual 2,100% pembeli merasa puas,Geovelli,4.8,"(1,2 rb)",Male
Spotec Running Orbit Sepatu Lari Pria Wanita - Biru Tua Putih - 37,4.9,(22 rating),Rp359.900,Menampilkan 10 dari 15 ulasan,Terjual 80+,95% pembeli merasa puas,Spotec,4.9,"(33,4 rb)",Male
"Spotec Running Modern Sepatu Lari Pria Wanita - Hitam Putih - Hitam/Hitam, 45",5,(154 rating),Rp359.900,Menampilkan 10 dari 95 ulasan,Terjual 500+,100% pembeli merasa puas,Spotec,4.9,"(33,4 rb)",Male
"Spotec Sneakers Pother Sepatu Sneakers Pria Wanita - Biru Tua Putih - Ukuran, 38",5,(27 rating),Rp265.900,Menampilkan 10 dari 12 ulasan,Terjual 50+,100% pembeli merasa puas,Spotec,4.9,"(33,4 rb)",Male
Athletica - Fox Light Grey | Sepatu Olahraga Pria Wanita Running Jogging Ringan - 41,5,(10 rating),Rp245.000,Menampilkan 4 dari 4 ulasan,Terjual 18,100% pembeli merasa puas,Athletica,4.8,"(11,2 rb)",Male
Athletica - Fox Light Grey | Sepatu Olahraga Pria Wanita Running Jogging Ringan - 41,5,(10 rating),Rp245.000,Menampilkan 4 dari 4 ulasan,Terjual 18,100% pembeli merasa puas,Athletica,4.8,"(11,2 rb)",Male
"Spotec Running Versa Sepatu Lari Pria Wanita - ABUMERAH, 38",5,(52 rating),Rp271.900,Menampilkan 10 dari 24 ulasan,Terjual 90+,100% pembeli merasa puas,Spotec,4.9,"(33,4 rb)",Male
"Spotec Running Versa Sepatu Lari Pria Wanita - Abu Muda Abu Muda - Abumuda, 43",5,(99 rating),Rp271.900,Menampilkan 10 dari 48 ulasan,Terjual 100+,100% pembeli merasa puas,Spotec,4.9,"(33,4 rb)",Male
Spotec Running Easton Sepatu Lari Pria Wanita - Abu Muda Biru - 37,5,(85 rating),Rp339.900,Menampilkan 10 dari 69 ulasan,Terjual 250+,100% pembeli merasa puas,Spotec,4.9,"(33,4 rb)",Male
Spotec Running Easton Sepatu Lari Pria Wanita - Putih Putih - 37,5,(48 rating),Rp339.900,Menampilkan 10 dari 29 ulasan,Terjual 100+,100% pembeli merasa puas,Spotec,4.9,"(33,4 rb)",Male
Spotec Running Easton Sepatu Lari Pria Wanita - Biru Tua Abu Muda - 37,5,(98 rating),Rp339.900,Menampilkan 10 dari 65 ulasan,Terjual 100+,100% pembeli merasa puas,Spotec,4.9,"(33,4 rb)",Male
Spotec Running Easton Sepatu Lari Pria Wanita - Abu Tua Hijau Cerah - 37,5,(40 rating),Rp339.900,Menampilkan 10 dari 34 ulasan,Terjual 100+,100% pembeli merasa puas,Spotec,4.9,"(33,4 rb)",Male
"Spotec Running Atlas Sepatu Lari Pria Wanita - Abu Perak - Ukuran, 37",4.9,(664 rating),Rp332.400,Menampilkan 10 dari 466 ulasan,Terjual 2 rb+,98% pembeli merasa puas,Spotec,4.9,"(33,4 rb)",Male
"Spotec Running Harvey Sepatu Lari Pria Wanita - Hitam Merah - Ukuran, 37",4.9,(79 rating),Rp296.900,Menampilkan 10 dari 36 ulasan,Terjual 100+,98% pembeli merasa puas,Spotec,4.9,"(33,4 rb)",Male
"Spotec Running Harvey Sepatu Lari Pria Wanita - Biru Oranye - Ukuran, 37",4.9,(50 rating),Rp296.900,Menampilkan 10 dari 39 ulasan,Terjual 100+,100% pembeli merasa puas,Spotec,4.9,"(33,4 rb)",Male
,,,,,,,,,,Male
"Spotec Running Venture Sepatu Lari Pria Wanita - Biru Tua Hijau Cerah - BiruTua, 39",4.9,(90 rating),Rp287.900,Menampilkan 10 dari 60 ulasan,Terjual 100+,98% pembeli merasa puas,Spotec,4.9,"(33,4 rb)",Male
"Spotec Running Blitzer Sepatu Lari Pria Wanita - Hitam Hijau - Hitam, 37",4.9,(117 rating),Rp288.900,Menampilkan 10 dari 49 ulasan,Terjual 100+,98% pembeli merasa puas,Spotec,4.9,"(33,4 rb)",Male
,,,,,,,,,,Male
"Spotec Running Thunder Sepatu Lari Pria Wanita - Biru Tua Putih - BiruTua, 38",4.9,(139 rating),Rp254.900,Menampilkan 10 dari 60 ulasan,Terjual 100+,98% pembeli merasa puas,Spotec,4.9,"(33,4 rb)",Male
BRODO - Running Shoes Active Krakatau 2.0 White Black - 36,5,(3 rating),Rp589.000,Menampilkan 2 dari 2 ulasan,Terjual 11,100% pembeli merasa puas,Brodo Footwear_NEW,4.9,"(168,7 rb)",Male
,,,,,,,,,,Male
BRODO - Running Shoes Active Krakatau 2.0 White Sapphire - 38,5,(1 rating),Rp589.000,unknown,Terjual 2,100% pembeli merasa puas,Brodo Footwear_NEW,4.9,"(168,7 rb)",Male
"Spotec Running Atlas Sepatu Lari Pria Wanita - Biru Tua Emas - Ukuran, 37",4.9,(569 rating),Rp332.400,Menampilkan 10 dari 386 ulasan,Terjual 1 rb+,98% pembeli merasa puas,Spotec,4.9,"(33,4 rb)",Male
,,,,,,,,,,Male
"Sepatu Lari 910 Nineten Ekiden Infiknit - Biru Tua/Biru, 40",4.9,(14 rating),Rp529.900,Menampilkan 4 dari 4 ulasan,Terjual 20,100% pembeli merasa puas,Kayak Outdoor,4.9,"(17,6 rb)",Male
Spotec Running Easton Sepatu Lari Pria Wanita - Biru Muda Biru Muda - 37,4.9,(173 rating),Rp339.900,Menampilkan 10 dari 121 ulasan,Terjual 250+,98% pembeli merasa puas,Spotec,4.9,"(33,4 rb)",Male
,,,,,,,,,,Male
"Spotec Running Forza Sepatu Lari Pria Wanita - AbuTua, 40",4.9,(55 rating),Rp319.900,Menampilkan 10 dari 24 ulasan,Terjual 100+,98% pembeli merasa puas,Spotec,4.9,"(33,4 rb)",Male
"Spotec Running Omega Sepatu Lari Pria Wanita - Abu Tua Oranye - Ukuran, 38",4.9,(114 rating),Rp370.400,Menampilkan 10 dari 78 ulasan,Terjual 250+,99% pembeli merasa puas,Spotec,4.9,"(33,4 rb)",Male
"Spotec Running Uptown Sepatu Lari Pria Wanita - Coklat Tua Biru Muda Abu Muda - Coklat Tua/Hitam, 37",4.9,(130 rating),Rp339.900,Menampilkan 10 dari 96 ulasan,Terjual 250+,97% pembeli merasa puas,Spotec,4.9,"(33,4 rb)",Male
"Spotec Running Omega Sepatu Lari Pria Wanita - Hijau Tosca Hijau Cerah - Ukuran, 40",4.9,(131 rating),Rp370.400,Menampilkan 10 dari 89 ulasan,Terjual 250+,98% pembeli merasa puas,Spotec,4.9,"(33,4 rb)",Male
Spotec Running Orbit Sepatu Lari Pria Wanita Putih - Biru Tua - 38,4.9,(36 rating),Rp359.900,Menampilkan 10 dari 26 ulasan,Terjual 100+,100% pembeli merasa puas,Spotec,4.9,"(33,4 rb)",Male
"Spotec Running Valor Sepatu Lari Pria Wanita - Abu Tua - ABUTUA, 45",4.9,(156 rating),Rp287.900,Menampilkan 10 dari 64 ulasan,Terjual 250+,98% pembeli merasa puas,Spotec,4.9,"(33,4 rb)",Male
Mills Sepatu Lari Running Shoes Treximo Saga V2 Red Fiesta / Black / Neon / White 9101209 - 37,5,(16 rating),Rp359.200,Menampilkan 10 dari 10 ulasan,Terjual 40+,100% pembeli merasa puas,MILLS OFFICIAL,4.9,"(76,2 rb)",Male
"Mills Sepatu Lari Running Shoes Enermax Tycoon LT Blue / Orange / White 9102702 - LBlu/Org/Wht, 37",5,(10 rating),Rp519.200,Menampilkan 7 dari 7 ulasan,Terjual 28,100% pembeli merasa puas,MILLS OFFICIAL,4.9,"(76,2 rb)",Male
"Mills Sepatu Lari Running Shoes Enermax Dynaplate LT Grey / White / Black 9100705 - LGry/Wht/Blk, 38",5,(36 rating),Rp549.000,Menampilkan 10 dari 17 ulasan,Terjual 90+,100% pembeli merasa puas,MILLS OFFICIAL,4.9,"(76,2 rb)",Male
"Techdoo Sepatu Pria Casual Sepatu Olahraga Running Shoes Outdoor Antiselip MR186 - Hitam, 39",5,(3 rating),Rp115.400,Menampilkan 2 dari 2 ulasan,Terjual 3,100% pembeli merasa puas,Techdoo,4.7,"(112,4 rb)",Male
"MILLS SEPATU LIFESTYLE TRIPOLI STAR WHITE/GUM 9701410 - WHITE/GUM, 40",5,(5 rating),Rp369.000,unknown,Terjual 14,100% pembeli merasa puas,MILLS OFFICIAL,4.9,"(76,2 rb)",Male
"Techdoo Sepatu Pria Olahraga Lari Sneakers Karet Keren Sepatu Kets Casual Running Shoes Anti Slip KSR737 - Putih, 39",5,(2 rating),Rp170.000,Menampilkan 1 dari 1 ulasan,Terjual 3,100% pembeli merasa puas,Techdoo,4.7,"(112,4 rb)",Male
"Techdoo Sepatu Sneakers Pria Sepatu Kerja Cowok Sepatu Lari Sepatu Jogging Olahraga Trendy Sepatu Kuliah ML102 - Hitam Polos, 42",5,(6 rating),Rp122.500,Menampilkan 4 dari 4 ulasan,Terjual 30+,100% pembeli merasa puas,Techdoo,4.7,"(112,4 rb)",Male
"Techdoo Sepatu Pria Hitam Casual Sneakers Olahraga Sepatu Sekolah Kasual Kerja Dewasa Anti Slip SML101 - HITAM, 40",5,(1 rating),Rp139.000,unknown,Terjual 8,100% pembeli merasa puas,Techdoo,4.7,"(112,4 rb)",Male
"MILLS SEPATU LARI RUNNING SHOES TREXIMO SAGA M3 WHITE / LIME GREEN / TURQOUISE 9106104 - WHT/LGRN/TRQ, 37",5,(4 rating),Rp469.000,Menampilkan 2 dari 2 ulasan,Terjual 13,100% pembeli merasa puas,MILLS OFFICIAL,4.9,"(76,2 rb)",Male
"Nukus Sepatu Kets Runing Pria Tali Nukus Hitam Putih - NKTM 05 - Hitam, 39",5,(3 rating),Rp120.000,unknown,Terjual 3,100% pembeli merasa puas,NukusFootwear,4.8,"(12,5 rb)",Male
"Techdoo Sepatu Olahraga Lari Pria Running Shoes Man Sport Fleksible Sepatu Cowok Keren MR174 - Cokelat, 42",5,(7 rating),Rp129.000,Menampilkan 2 dari 2 ulasan,Terjual 7,100% pembeli merasa puas,Techdoo,4.7,"(112,4 rb)",Male
"Techdoo Sepatu Running Pria Sport Sepatu Olahraga Lari Sneakers MR709 - Hitam, 41",5,(9 rating),Rp132.000,Menampilkan 4 dari 4 ulasan,Terjual 13,100% pembeli merasa puas,Techdoo,4.7,"(112,4 rb)",Male
"MILLS SEPATU LARI RUNNING SHOES ENERMAX NANOKNIT WHITE/PURPLE/ORANGE 9105104 - WHITE/PURPLE/OR, 36",5,(9 rating),Rp499.000,Menampilkan 5 dari 5 ulasan,Terjual 19,100% pembeli merasa puas,MILLS OFFICIAL,4.9,"(76,2 rb)",Male
"MILLS Sepatu Tripoli Star DK Grey / Broken White 9701407 - DGry/BWht, 36",5,(45 rating),Rp295.200,Menampilkan 10 dari 28 ulasan,Terjual 100+,100% pembeli merasa puas,MILLS OFFICIAL,4.9,"(76,2 rb)",Male
Precise T-Lite Run JG M1 Sepatu Olahraga Lari Pria - Navy/Green FL - 42,5,(1 rating),Rp291.445,Menampilkan 1 dari 1 ulasan,Terjual 3,100% pembeli merasa puas,Precise,4.9,"(3,4 rb)",Male
"Oxwell Hydrolicus - Sepatu Sneakers Olahraga Lari Running Pria dan Wanita Dewasa Full Putih Outdoor - FULL PUTIH, 39",5,(4 rating),Rp180.000,Menampilkan 4 dari 4 ulasan,Terjual 9,100% pembeli merasa puas,Oxwell,4.9,-695,Male
"Techdoo Sepatu Sneakers Tali Running Sport Shoes Fashion Pria KSC301 - Hitam, 39",5,(9 rating),Rp122.500,Menampilkan 1 dari 1 ulasan,Terjual 13,100% pembeli merasa puas,Techdoo,4.7,"(112,4 rb)",Male
"Mills Sepatu Lari Running Shoes Treximo Enerlite Black / White 9102006 - Black/White, 36",5,(25 rating),Rp489.000,Menampilkan 10 dari 10 ulasan,Terjual 50+,100% pembeli merasa puas,MILLS OFFICIAL,4.9,"(76,2 rb)",Male
"Oxwell Hydrolicus - Sepatu Sneakers Olahraga Lari Running Pria dan Wanita Dewasa Hitam Outdoor - FULL HITAM, 39",5,(3 rating),Rp180.000,Menampilkan 1 dari 1 ulasan,Terjual 9,100% pembeli merasa puas,Oxwell,4.9,-695,Male
910 Nineten Haze Tempo Sepatu Lari - Biru/Merah/Kuning - 39,5,(30 rating),Rp649.999,unknown,Terjual 50+,100% pembeli merasa puas,910 NINETEN SHOES,4.9,"(117,6 rb)",Male
910 Nineten KANZAKI 2.0 Sepatu Lari - Merah Coral/ Kuning/Off White - 44,5,(11 rating),Rp579.900,Menampilkan 10 dari 10 ulasan,Terjual 60+,100% pembeli merasa puas,910 NINETEN SHOES,4.9,"(117,6 rb)",Male
910 Nineten Yokko 1.5 Sepatu Training LifeStyle - Hijau/Putih/Hitam - 39,5,(2 rating),Rp479.999,Menampilkan 6 dari 6 ulasan,Terjual 20,100% pembeli merasa puas,910 NINETEN SHOES,4.9,"(117,6 rb)",Male
910 Nineten HANNA 1.0 Sepatu Lari - Hijau Teal/Putih/Merah Coral Running Outdoor Running Outdoor - 40,5,(21 rating),Rp549.900,Menampilkan 10 dari 29 ulasan,Terjual 100+,100% pembeli merasa puas,910 NINETEN SHOES,4.9,"(117,6 rb)",Male
910 nineten REISHIKA BOLSTER sepatu lari - Biru/Jingga/Putih - Olahraga Running Outdoor Outdoor - 39,5,(91 rating),Rp599.900,Menampilkan 10 dari 69 ulasan,Terjual 250+,98% pembeli merasa puas,910 NINETEN SHOES,4.9,"(117,6 rb)",Male
910 Nineten Ultra Ekiden 1.0 Sepatu Lari - Putih/Biru Muda - 40,5,(28 rating),Rp550.700,Menampilkan 10 dari 24 ulasan,Terjual 100+,100% pembeli merasa puas,910 NINETEN SHOES,4.9,"(117,6 rb)",Male
910NINETEN SHOES LYNX RV-LITE Sportstyle- ABU-ABU/JINGGA - 40,5,(16 rating),Rp549.900,Menampilkan 7 dari 7 ulasan,Terjual 26,100% pembeli merasa puas,910 NINETEN SHOES,4.9,"(117,6 rb)",Male
910 Nineten Haze Infiknit 1.0 Sepatu Lari - Teal/Mint/Lime - 37,5,(30 rating),Rp479.900,Menampilkan 10 dari 15 ulasan,Terjual 100+,100% pembeli merasa puas,910 NINETEN SHOES,4.9,"(117,6 rb)",Male
910 Nineten Ekiden Hyperion Sepatu Lari - Magenta/Orange - 42,5,(3 rating),Rp499.999,Menampilkan 1 dari 1 ulasan,Terjual 6,100% pembeli merasa puas,910 NINETEN SHOES,4.9,"(117,6 rb)",Male
"GVl Geovelli 2126 Glamixo White Natural | Sepatu Sneakers Putih Pria Olahraga Running Shoes Outdoor Outdoor - G-2126 Glamixo, 39",4.8,(5 rating),Rp185.220,Menampilkan 3 dari 3 ulasan,Terjual 12,100% pembeli merasa puas,Geovelli,4.8,"(1,2 rb)",Male
"MILLS SEPATU LARI RUNNING SHOES TREXIMO SAGA M3 TRIPPLE BLACK 9106102 - TRIPPLE.BLACK, 36",5,(4 rating),Rp469.000,Menampilkan 3 dari 3 ulasan,Terjual 9,100% pembeli merasa puas,MILLS OFFICIAL,4.9,"(76,2 rb)",Male
910 NIneten Sepatu Lari Hiroshi RN - Lite Abu/Merah/Putih Olahraga Outdoor - 40,5,(8 rating),Rp639.999,Menampilkan 5 dari 5 ulasan,Terjual 30+,100% pembeli merasa puas,910 NINETEN SHOES,4.9,"(117,6 rb)",Male
"Spotec Running Raptor Sepatu Lari Pria Wanita - Merah, 44",4.8,(29 rating),Rp305.900,Menampilkan 10 dari 18 ulasan,Terjual 50+,96% pembeli merasa puas,Spotec,4.9,"(33,4 rb)",Male
"Spotec Running Blitzer Sepatu Lari Pria Wanita - Biru Merah - Biru, 39",4.8,(59 rating),Rp288.900,unknown,Terjual 100+,96% pembeli merasa puas,Spotec,4.9,"(33,4 rb)",Male
"Under Armour Men's Charged Pursuit 3 Big Logo Running Shoes - Black & White, 9",4.9,(15 rating),Rp499.500,Menampilkan 5 dari 5 ulasan,Terjual 24,100% pembeli merasa puas,Under Armour Indonesia,4.9,"(61,6 rb)",Male
Mills Sepatu Lari Running Shoes Enermax Tycoon Magenta / White / Neon.Green 9102703 - 40,4.9,(55 rating),Rp519.200,Menampilkan 10 dari 38 ulasan,Terjual 100+,100% pembeli merasa puas,MILLS OFFICIAL,4.9,"(76,2 rb)",Male
"Mills Sepatu Lari Running Shoes Enermax Cushion M2 Jade / Black / Off White / Red 9104002 - Jd/Blk/OWht/Rd, 36",4.9,(11 rating),Rp599.000,Menampilkan 7 dari 7 ulasan,Terjual 30+,100% pembeli merasa puas,MILLS OFFICIAL,4.9,"(76,2 rb)",Male
MILLS Sepatu Lifestyle Revolt Beta BBS Spare Mint / Black / Magenta / Blue 9702501 - 38,4.9,(15 rating),Rp439.200,Menampilkan 10 dari 10 ulasan,Terjual 30+,93% pembeli merasa puas,MILLS OFFICIAL,4.9,"(76,2 rb)",Male
"Mills Sepatu Lari Running Shoes Treximo Saga V2 Pine Green / Black / Lime Green 9101210 - PGrnBlkLgrn, 37",4.9,(21 rating),Rp359.200,Menampilkan 9 dari 9 ulasan,Terjual 50+,100% pembeli merasa puas,MILLS OFFICIAL,4.9,"(76,2 rb)",Male
"Mills Sepatu Lari Running Shoes Treximo Saga Black/Black 9100304 - Black/Black, 36",4.9,(163 rating),Rp258.300,Menampilkan 10 dari 58 ulasan,Terjual 250+,98% pembeli merasa puas,MILLS OFFICIAL,4.9,"(76,2 rb)",Male
"Mills Sepatu Lari Running Shoes Treximo Enerlite Grey / Black / Coral 9102010 - Gry/Blk/Crl, 36",4.9,(34 rating),Rp489.000,Menampilkan 10 dari 20 ulasan,Terjual 80+,100% pembeli merasa puas,MILLS OFFICIAL,4.9,"(76,2 rb)",Male
"Techdoo Sepatu Running Cowok Fleksibel Sepatu Olahraga Pria KSL305 - Abu-abu, 39",4.9,(11 rating),Rp169.000,Menampilkan 3 dari 3 ulasan,Terjual 21,100% pembeli merasa puas,Techdoo,4.7,"(112,4 rb)",Male
"MILLS Sepatu Lifestyle Revolt Beta BBS White / Royal Blue / Magenta 9702502 - Wht/RBl/Mgnt, 42",4.9,(28 rating),Rp439.200,Menampilkan 10 dari 21 ulasan,Terjual 80+,100% pembeli merasa puas,MILLS OFFICIAL,4.9,"(76,2 rb)",Male
"Mills Sepatu Lari Running Shoes Enermax Cushion M2 Cool Blue / Navy / White 9104001 - CBl/Nvy/Wht, 37",4.9,(15 rating),Rp599.000,Menampilkan 10 dari 12 ulasan,Terjual 40+,100% pembeli merasa puas,MILLS OFFICIAL,4.9,"(76,2 rb)",Male
,,,,,,,,,,Male
Decathlon Kiprun Sepatu Lari Pria Jogflow 190.1 - Biru Gelap - 8874411 - 40,5,(5 rating),Rp512.000,Menampilkan 1 dari 1 ulasan,Terjual 15,100% pembeli merasa puas,decathlon indonesia,4.9,"(249,8 rb)",Male
"MJC Indonesia Sepatu Pria Olahraga Lari Outdor Luar Sepatu Basket Olahraga Hitam Terbaru 39-43 Outdoor Running - White, 39",5,(2 rating),Rp139.900,Menampilkan 2 dari 2 ulasan,Terjual 4,100% pembeli merasa puas,MJC INDONESIA,4.8,"(35,8 rb)",Male
"Sepatu Kasogi Pria Dewasa Olahraga Jogging Santai Federick - abu merah, 38",5,(8 rating),Rp579.900,Menampilkan 4 dari 4 ulasan,Terjual 10,100% pembeli merasa puas,Kasogi Shoes,4.9,"(4,8 rb)",Male
"MJC Indonesia Sepatu Pria Olahraga Outdor Luar Sepatu Basket Lari Sepatu Olahraga Hitam Terbaru 39-43 Outdoor Running - Black, 39",5,(2 rating),Rp139.900,Menampilkan 2 dari 2 ulasan,Terjual 14,100% pembeli merasa puas,MJC INDONESIA,4.8,"(35,8 rb)",Male
"Sepatu Sneaker Olahraga Lari Running Vanderzu Zx3 Putih Lis Hitam Sepatu Lari Anak Unisex - Putih Hitam, 33",1,(1 rating),Rp119.999,Menampilkan 1 dari 1 ulasan,Terjual 11,0% pembeli merasa puas,lion.id,4.8,-223,Male
,unknown,unknown,,unknown,,unknown,,,,Male
"Lyraze Fast Sepatu Running Pria | Sepatu Lari Cowok Olahraga Size 39-43 Outdoor - Fast Putih Orange, 39",4,(1 rating),Rp165.000,unknown,Terjual 6,100% pembeli merasa puas,LYRAZEOFFICIAL,4.7,-56,Male
"Sepatu Olahraga Pria SIDSNEAKS Morph Lite Black White - Upper Fully Knitted, Breatheable, Soft Foam Liner, Phylon Rubber Outsole Running Outdoor - 41",unknown,unknown,Rp349.000,unknown,1 barang berhasil terjual,unknown,sidsneaks,5.1,-7,Male
,unknown,unknown,,unknown,,unknown,,,,Male
"Sepatu Sneaker Olahraga Lari Running Outdoor Anak Vanderzu ZX3 Maroon - Maroon, Ukuran",unknown,unknown,Rp119.999,unknown,7 barang berhasil terjual,unknown,lion.id,4.8,-223,Male
"Oldiac Warriors - Sepatu Running Pria Wanita - WARRIORS Black Green, 38",unknown,unknown,Rp189.800,unknown,unknown,unknown,Oldiac Original,4.7,-23,Male
"Onarstreet - Sepatu Sneakers Pria Dewasa Original Onarstreet Casual Sport Sekolah Running Outdoor Shoes Olahraga Kerja Kasual Snekers - Biru Orens, 39",unknown,unknown,Rp210.000,unknown,unknown,unknown,Onar Street,4.5,-915,Male
,unknown,unknown,,unknown,,unknown,,,,Male
"Sepatu Running Pria Wanita Unisex Abu Gold Sneaker Olahraga Lari Unisex Outdoor - Abu Gold, 39",unknown,unknown,Rp129.999,unknown,1 barang berhasil terjual,unknown,lion.id,4.8,-223,Male
"Sepatu Shaburay Shinobi Black White | Sepatu Hitam | Sepatu Sekolah | Sepatu Olahraga | Sepatu Lari Pria Wanita - Black White, 35",unknown,unknown,Rp125.000,unknown,unknown,unknown,SHABURAY OFFICIAL,4,-1,Male
"Sepatu Running Anak Laki Laki Perempuan Vanderzu ZX3 Hitam Merah Sneaker Olahraga Lari Unisex Outdoor - Hitam Merah, 33",unknown,unknown,Rp119.999,unknown,1 barang berhasil terjual,unknown,lion.id,4.8,-223,Male
"Sepatu Olahraga Running Pria Wanita Vanderzu ZX3 Hitam Orange Sneaker Olahraga Lari Outdoor Unisex - Hitam Orange, 36",unknown,unknown,Rp124.999,unknown,unknown,unknown,lion.id,4.8,-223,Male
"Oldiac Warriors - Sepatu Olahraga Running Lari Pria Casual Black Red - WARRIORS Black Red, 38",unknown,unknown,Rp189.800,unknown,unknown,unknown,Oldiac Original,4.7,-23,Male
"Oldiac Uniqeve - Sepatu Sneakers Running Pria Dewasa White Edition - UNIQEVE White, 38",3,(2 rating),Rp189.800,Menampilkan 2 dari 2 ulasan,Terjual 17,50% pembeli merasa puas,Oldiac Original,4.7,-23,Male
"Sepatu Shaburay Shinobi Triple Black | Sepatu Hitam | Sepatu Sekolah | Sepatu Olahraga | Sepatu Lari Pria Wanita - Triple Black, 35",unknown,unknown,Rp125.000,unknown,unknown,unknown,SHABURAY OFFICIAL,4,-1,Male
"Srpatu Lari Olahraga Pria Wanita Unisex (J-92) - Orange, 39",unknown,unknown,Rp173.849,unknown,unknown,unknown,LOKAL SHOES MJ,4.6,-24,Male
"Sepatu Lari Unisex Running (C-03) Pria Wanita Outdoor Olahraga - navy, 39",unknown,unknown,Rp137.249,unknown,unknown,unknown,LOKAL SHOES MJ,4.6,-24,Male
"Sepatu Lari Running T-30 PU Laether Phylon Ringan Anti Slip Outdoor - abu, 39",unknown,unknown,Rp155.549,unknown,unknown,unknown,LOKAL SHOES MJ,4.6,-24,Male
"Sepatu Olahraga Lari Pria Wanita Unisex (J-73) - HITAM, 39",unknown,unknown,Rp137.249,unknown,unknown,unknown,LOKAL SHOES MJ,4.6,-24,Male
"Sepatu Olahraga Lari Pria Wanita Unisex (J-73) - HITAM, 39",unknown,unknown,Rp137.249,unknown,unknown,unknown,LOKAL SHOES MJ,4.6,-24,Male
"Sepatu Olahraga WSFY SM-03 Lari Badminton Volly dll Outdoor Running - putih merah, 39",unknown,unknown,Rp146.399,unknown,unknown,unknown,LOKAL SHOES MJ,4.6,-24,Male
,unknown,unknown,,unknown,unknown,unknown,,,,Male
"Sepatu Lari Unisex Running (C-04) Pria Wanita Outdoor Olahraga - biru abu, 39",unknown,unknown,Rp182.999,unknown,unknown,unknown,LOKAL SHOES MJ,4.6,-24,Male
"Sepatu Running Sneaker Olahraga Pria Wanita Vanderzu FR 302 Putih Lis Merah - Putih Merah, 39",2,(1 rating),Rp129.999,Menampilkan 1 dari 1 ulasan,Terjual 1,0% pembeli merasa puas,Vanderzu,4.8,-964,Male
,,,,,,,,,,Male
"Hundred Running Shoes Glidepace HRFS-4M14 - White/Lt.Blue, 41",3,(2 rating),Rp499.800,Menampilkan 1 dari 1 ulasan,Terjual 3,50% pembeli merasa puas,Hundred Store Indonesia,4.9,-907,Male
"Sepatu Batik AYAM WARENG Khas Kabupaten Tangerang Culture Chosamon RUNNING COOL Original Sepatu Olahraga Lari - RUN CL BTK AYAM UNGU SOL HITAM, 36",unknown,unknown,Rp240.000,unknown,2 barang berhasil terjual,unknown,chosamonofficial,4.8,"(8,7 rb)",Male
"Chosamon SHELDON Original Sepatu Lari Training Gym Unisex pria dan wanita Jogging Sprint Maraton Outdoor - CS SHELDON Stabilo Oren, 36",unknown,unknown,Rp229.000,unknown,4 barang berhasil terjual,unknown,chosamonofficial,4.8,"(8,7 rb)",Male
FILMORA Sepatu Running Shoes Alpha Size 39-44 Warna Hitam Outdoor - 39,unknown,unknown,Rp180.600,unknown,unknown,unknown,FILMORA STORE,4.7,"(1,2 rb)",Male
"Sepatu Lari Running Working T-30 PU Laether Phylon Ringan Anti Slip Outdoor - abu, 39",unknown,unknown,Rp155.549,unknown,unknown,unknown,SEPATU LOKAL MOJOKERTO PURI_NEW,4.7,-53,Male
FILMORA Sepatu Running Alpha Size 39-44 Warna Kuning sepatu Running Outdoor Lari Olahraga - 39,unknown,unknown,Rp181.800,unknown,unknown,unknown,FILMORA STORE,4.7,"(1,2 rb)",Male
"(Original) Original Hipzo Sepatu Lari Olahraga Ringan M-68 Running Outdoor Kaki Running - putih, 39",unknown,unknown,Rp173.789,unknown,unknown,unknown,SEPATU LOKAL MOJOKERTO PURI_NEW,4.7,-53,Male
"(Original) Sepatu Olahraga Lari Pria Wanita Unisex (J-73) Kaki Running - HITAM, 39",unknown,unknown,Rp137.249,unknown,unknown,unknown,SEPATU LOKAL MOJOKERTO PURI_NEW,4.7,-53,Male
"Srpatu Lari Olahraga Pria Wanita Unisex (J-92) Orange - Orange, 39",unknown,unknown,Rp173.849,unknown,unknown,unknown,SEPATU LOKAL MOJOKERTO PURI_NEW,4.7,-53,Male
"FILMORA Sepatu Runing original onarstreet 36-40 Running Outdoor - putih biru, 36",unknown,unknown,Rp435.000,unknown,unknown,unknown,FILMORA STORE,4.7,"(1,2 rb)",Male
"Sepatu Batik Rambutan Parakan Khas Kabupaten Tangerang Culture Chosamon RUNNING COOL Original Sepatu Olahraga Lari - RUN CL BTK RAMBUTAN HITAM, 36",unknown,unknown,Rp240.000,unknown,2 barang berhasil terjual,unknown,chosamonofficial,4.8,"(8,7 rb)",Male
Sepatu Lari Pria Diadora Hayder Black - 39,unknown,unknown,Rp350.000,unknown,2 barang berhasil terjual,unknown,Out of The Box ID_NEW,4.9,"(8,6 rb)",Male
Sepatu Lari Li-Ning Chitu 5.0 White Silver Original - 11~(45),unknown,unknown,Rp499.000,unknown,1 barang berhasil terjual,unknown,Starting Lane ID,4.9,"(10,4 rb)",Male
Sepatu Lari Pria Ardiles Original Burst Hitam Burst-hitam - 38,unknown,unknown,Rp479.000,unknown,unknown,unknown,Starting Lane ID,4.9,"(10,4 rb)",Male
Sepatu Lari Adidas Runfalcon 3.0 Legend Ink Original Id2282 - 10~(44 2/3),unknown,unknown,Rp459.000,unknown,1 barang berhasil terjual,unknown,Starting Lane ID,4.9,"(10,4 rb)",Male
"SEPATU LARI PRIA ONETIXS KHAGAYA TERBARU DAN TERLARIS HIGH QUALITY Olahraga Outdoor Running - ARMY ORANGE, 39",unknown,unknown,Rp111.960,unknown,2 barang berhasil terjual,unknown,onetixs.id,4.8,-46,Male
Sepatu Lari Adidas Galaxy 7 M Black Black ID8757 - UK 11/ 46,unknown,unknown,Rp510.000,unknown,1 barang berhasil terjual,unknown,Out of The Box ID_NEW,4.9,"(8,6 rb)",Male
Sepatu Kodachi Astoria X Hitam Putih Sports Casual Training Fashion Shoes Pria Wanita - 39,unknown,unknown,Rp399.000,unknown,unknown,unknown,Sepatu Kodachi Warrior,4.9,"(8,5 rb)",Male
Sepatu Lari Jogging Pria Diadora Hayder White - 42,unknown,unknown,Rp350.000,unknown,unknown,unknown,Out of The Box ID_NEW,4.9,"(8,6 rb)",Male
Sepatu Running Diadora Maco Black - 39,unknown,unknown,Rp499.000,unknown,2 barang berhasil terjual,unknown,Alat Olahraga ID,4.9,"(17,2 rb)",Male
"Keeping Sepatu Sneakers Pria Putih Sepatu Olahraga Hangout Cowok Anti Slip Sports Running Shoes KSR720 - Putih, 39",unknown,unknown,Rp144.530,unknown,5 barang berhasil terjual,unknown,Keeping_NEW,4.8,"(15,6 rb)",Male
Sepatu Lari Jogging Pria Diadora Hayder Navy - 39,unknown,unknown,Rp300.000,unknown,unknown,unknown,Out of The Box ID_NEW,4.9,"(8,6 rb)",Male
"Sepatu Running pria/sepatu Outdoor/sepatu cowok dewasa/sepatu Olahraga/sepatu kekinian/sepatu keren ori/sepatu outfit pria/sepatu pria/sepatu cowok/sepatu sneakers shoes/sepatu sneakers cowok/sepatu cowok keren/sepatu buat cowok - ARMY PUTIH, 39",unknown,unknown,Rp107.000,unknown,unknown,unknown,Modalita777,4.8,-426,Male
Sepatu Lari Pria Adidas Switch move - ID5252,unknown,unknown,Rp595.000,unknown,3 barang berhasil terjual,unknown,Run N Go Sport,4.9,-695,Male
"LVR Hyunjin Sepatu Sneakers Pria Trendy Sepatu Casual Pria Sepatu Sport Pria FREE BOX LV0631 - Putih, 39",unknown,unknown,Rp135.500,unknown,4 barang berhasil terjual,unknown,Levieree Shop,4.8,"(22,4 rb)",Male
"(Original) Sepatu Lari Unisex Running (C-04) Pria Wanita Outdoor Olahraga Kaki Running - biru abu, 39",unknown,unknown,Rp182.999,unknown,unknown,unknown,SEPATU LOKAL MOJOKERTO PURI_NEW,4.7,-53,Male
"(Original) Sepatu Lari Unisex Running (C-03) Pria Wanita Outdoor Olahraga Kaki Running - hitam, 39",unknown,unknown,Rp137.249,unknown,unknown,unknown,SEPATU LOKAL MOJOKERTO PURI_NEW,4.7,-53,Male
"(Original) Sepatu Lari Unisex Running (C-04) Pria Wanita Outdoor Olahraga Kaki Running - coklat, 39",unknown,unknown,Rp182.999,unknown,unknown,unknown,SEPATU LOKAL MOJOKERTO PURI_NEW,4.7,-53,Male
FILMORA Sepatu Running Shoes Outdoor Alpha Series warna Biru - 39,unknown,unknown,Rp181.800,unknown,2 barang berhasil terjual,unknown,FILMORA STORE,4.7,"(1,2 rb)",Male
"(Original) Original Hipzo Sepatu Lari Olahraga Badminton Dll H-01 Kaki Running - orange, 39",unknown,unknown,Rp210.389,unknown,1 barang berhasil terjual,unknown,SEPATU LOKAL MOJOKERTO PURI_NEW,4.7,-53,Male
"SEPATU XPREME OLAH RAGA RUNNING SPEED X WHITE ORANGE PRIA - SEPATU LARI PRIA Outdoor - White orange, 36",unknown,unknown,Rp176.000,unknown,100+ barang berhasil terjual,unknown,XPREME,4.7,"(1,5 rb)",Male
"XPREME - SEPATU OLAH RAGA RUNNING XPREME RUNSPEED HITAM STABILO - SEPATU SPORT NYAMAN DI PAKAI - HITAM STABILO, 36",unknown,unknown,Rp184.000,unknown,10 barang berhasil terjual,unknown,XPREME,4.7,"(1,5 rb)",Male
"XPREME - SEPATU OLAH RAGA RUNNING XPREME RUNSPEED HITAM STABILO - SEPATU SPORT NYAMAN DI PAKAI - HITAM STABILO, 36",unknown,unknown,Rp184.000,unknown,10 barang berhasil terjual,unknown,XPREME,4.7,"(1,5 rb)",Male
"SEPATU BEYOMA SPORT SNEAKERS RUNNING PRIA WANITA COD GROSIR BYM071 - Hitam, 39",unknown,unknown,Rp230.000,unknown,unknown,unknown,BEYOMA,4.7,"(3,5 rb)",Male
Sepatu Running EAGLE Banderas Abu Tua Abu-abu - 39,unknown,unknown,Rp335.000,unknown,unknown,unknown,PROCHAMPION,4.9,"(168,3 rb)",Male
"SEPATU BEYOMA LEGACY CLASSIC ORIGINAL Pria Wanita Sneakers Sport Running Shoes Olahraga Free Kotak Box BY024 Outdoor - Navy, 39",unknown,unknown,Rp280.000,unknown,6 barang berhasil terjual,unknown,BEYOMA,4.7,"(3,5 rb)",Male
"SEPATU BEYOMA SPORT SNEAKERS RUNNING PRIA WANITA COD GROSIR BYM184 - BlackWhite, 39",unknown,unknown,Rp260.000,unknown,unknown,unknown,BEYOMA,4.7,"(3,5 rb)",Male
"SEPATU BEYOMA SPORT SNEAKERS RUNNING PRIA WANITA COD GROSIR BYM136 - Putih, 39",unknown,unknown,Rp290.000,unknown,unknown,unknown,BEYOMA,4.7,"(3,5 rb)",Male
,unknown,unknown,,unknown,unknown,unknown,,,,Male
Sepatu Running Ortuseight Hyperdrive 2.2 All White - 44,unknown,unknown,Rp585.000,unknown,unknown,unknown,PROCHAMPION,4.9,"(168,3 rb)",Male
"SEPATU BEYOMA SPORT SNEAKERS RUNNING PRIA WANITA COD GROSIR BYM034 - Beige, 39",unknown,unknown,Rp250.000,unknown,unknown,unknown,BEYOMA,4.7,"(3,5 rb)",Male
"SEPATU BEYOMA SPORT SNEAKERS RUNNING PRIA WANITA COD GROSIR BYM007 - Hitam, 39",unknown,unknown,Rp300.000,unknown,unknown,unknown,BEYOMA,4.7,"(3,5 rb)",Male
"SEPATU BEYOMA SPORT SNEAKERS RUNNING PRIA WANITA COD GROSIR BYM140 - Hitam, 39",unknown,unknown,Rp270.000,unknown,unknown,unknown,BEYOMA,4.7,"(3,5 rb)",Male
Sepatu Lari AZA RUN 1 Pygmalion Galaxy Black - Sepatu Running Pria Wanita - 36,unknown,unknown,Rp477.914,unknown,4 barang berhasil terjual,unknown,Persebaya Store,4.9,"(9,3 rb)",Male
"SEPATU BEYOMA ALPHA PRO Original Pria Wanita Sneakers Sport Running Shoes Olahraga Free Kotak Box BY059 Outdoor - Abu abu, 39",unknown,unknown,Rp220.000,unknown,1 barang berhasil terjual,unknown,BEYOMA,4.7,"(3,5 rb)",Male
"SEPATU BEYOMA SPORT SNEAKERS RUNNING PRIA WANITA COD GROSIR BYM123 - Putih, 39",unknown,unknown,Rp230.000,unknown,unknown,unknown,BEYOMA,4.7,"(3,5 rb)",Male
"SEPATU BEYOMA MAX RUNNING Original Pria Wanita Sneakers Sport COD - Abu Tua, 39",unknown,unknown,Rp280.000,unknown,unknown,unknown,BEYOMA,4.7,"(3,5 rb)",Male
"SEPATU BEYOMA RUNNING Original Pria Wanita Sneakers Sport COD - Orange, 39",unknown,unknown,Rp270.000,unknown,unknown,unknown,BEYOMA,4.7,"(3,5 rb)",Male
"ADIDAS Court Shoes Sports Performance Shoes Pria - Footwear White/Core Black/Preloved Scarlet, 8.5",unknown,unknown,Rp600.000,unknown,unknown,unknown,ZALORA Indonesia,4.9,"(4,9 rb)",Male
New ! Sepatu Lari / Running Eagle Shoes Raven Biru Tua Putih - 38,unknown,unknown,Rp230.000,unknown,unknown,unknown,PROCHAMPION,4.9,"(168,3 rb)",Male
Sepatu Lari Running Shoes Hundred HNDRD GLIDEPACE Black Yellow Orchid - 44,unknown,unknown,Rp449.000,unknown,unknown,unknown,PROCHAMPION,4.9,"(168,3 rb)",Male
"MUHSA.CO-Sepatu Running Pria Olahraga Jogging Sepatu Sneakers Sport cowok Original Hitam Hijau Hyperblast laufen Outdoor sepatu jogging - hitam, 38",unknown,unknown,Rp208.000,unknown,unknown,unknown,Muhsa.Co,4.8,-271,Male
"Sepatu Olahraga Pria Running Jogging Lari Navy-Agility Ace MUHSA.CO untuk Aktivitas Outdoor - NAVY, 39",unknown,unknown,Rp226.950,unknown,4 barang berhasil terjual,unknown,Muhsa.Co,4.8,-271,Male
"Sepatu Lari Pria Running Olahraga Jogging Lari Gray-Agility Ace MUHSA.CO untuk Aktivitas Outdoor - GRAY, 39",unknown,unknown,Rp226.950,unknown,4 barang berhasil terjual,unknown,Muhsa.Co,4.8,-271,Male
,unknown,unknown,,unknown,unknown,unknown,,,,Male
"SEPATU BEYOMA SPORT SNEAKERS RUNNING PRIA WANITA COD GROSIR BYM025 - Hijau, 39",unknown,unknown,Rp280.000,unknown,unknown,unknown,BEYOMA,4.7,"(3,5 rb)",Male
"SEPATU BEYOMA SPORT SNEAKERS RUNNING PRIA WANITA COD GROSIR BARU - Putih Biru, 39",unknown,unknown,Rp270.000,unknown,unknown,unknown,BEYOMA,4.7,"(3,5 rb)",Male
"SEPATU BEYOMA SPORT SNEAKERS RUNNING PRIA WANITA COD GROSIR BYM099 - Hitam, 39",unknown,unknown,Rp260.000,unknown,unknown,unknown,BEYOMA,4.7,"(3,5 rb)",Male
"Sepatu BEYOMA Lari Olahraga Sneakers Olahraga BY255 Outdoor Running - Burgundy, 36",unknown,unknown,Rp150.000,unknown,1 barang berhasil terjual,unknown,BEYOMA,4.7,"(3,5 rb)",Male
,unknown,unknown,,unknown,unknown,unknown,,,,Male
"Ardiles Metora Starter Sepatu Lari - White - Citroen - Navy Bird - Black - White, 37",unknown,unknown,Rp459.800,unknown,4 barang berhasil terjual,unknown,Ardilesofficial,4.8,"(23,7 rb)",Male
CALCI Sepatu Lari / Running Shoes Arcane Cross - Flame/Pigeon - 36,unknown,unknown,Rp349.000,unknown,2 barang berhasil terjual,unknown,Calci Indonesia,4.9,"(7,3 rb)",Male
"Ardiles Nfinity Raiton Active Sepatu Lari - All Black, 41",unknown,unknown,Rp529.800,unknown,3 barang berhasil terjual,unknown,Ardilesofficial,4.8,"(23,7 rb)",Male
Jackson Active Trail 1 Black Pink - 36,unknown,unknown,Rp379.000,unknown,unknown,unknown,Jackson Shoes_NEW,4.9,"(5,6 rb)",Male
"Jackson Active Haze 1UT - Sepatu Sporty - Full Black, 36",unknown,unknown,Rp529.000,unknown,2 barang berhasil terjual,unknown,Jackson Shoes_NEW,4.9,"(5,6 rb)",Male
Jackson Active Strada 2 Navy - 35,unknown,unknown,Rp379.000,unknown,unknown,unknown,Jackson Shoes_NEW,4.9,"(5,6 rb)",Male
"Jackson Active Kiro 1MT - Sepatu Sporty - Navy, 39",unknown,unknown,Rp599.000,unknown,unknown,unknown,Jackson Shoes_NEW,4.9,"(5,6 rb)",Male
Jackson Active Pacer 1 Black Purple - 39,unknown,unknown,Rp379.000,unknown,2 barang berhasil terjual,unknown,Jackson Shoes_NEW,4.9,"(5,6 rb)",Male
Jackson Active Wilder 1 Black - 36,unknown,unknown,Rp309.000,unknown,1 barang berhasil terjual,unknown,Jackson Shoes_NEW,4.9,"(5,6 rb)",Male
Jackson Active Strada 2 Purple - 35,unknown,unknown,Rp379.000,unknown,1 barang berhasil terjual,unknown,Jackson Shoes_NEW,4.9,"(5,6 rb)",Male
Jackson Active Strada 1 Black Pink - 35,unknown,unknown,Rp379.000,unknown,unknown,unknown,Jackson Shoes_NEW,4.9,"(5,6 rb)",Male
Jackson Active Pulsar 1 Black - 39,unknown,unknown,Rp309.000,unknown,1 barang berhasil terjual,unknown,Jackson Shoes_NEW,4.9,"(5,6 rb)",Male
Jackson Active Boomer 1 Pink - 36,unknown,unknown,Rp379.000,unknown,1 barang berhasil terjual,unknown,Jackson Shoes_NEW,4.9,"(5,6 rb)",Male
"Jackson Active Luki 1BL7 - Sepatu Sporty - Black, 39",unknown,unknown,Rp609.000,unknown,unknown,unknown,Jackson Shoes_NEW,4.9,"(5,6 rb)",Male
"Jackson Active Kiro 1UT - Sepatu Sporty - Full Black, 36",unknown,unknown,Rp599.000,unknown,1 barang berhasil terjual,unknown,Jackson Shoes_NEW,4.9,"(5,6 rb)",Male
Sepatu Lari Unisex ADIDAS RESPONSE IH6005 ORIGINAL - 44.5,unknown,unknown,Rp600.000,unknown,1 barang berhasil terjual,unknown,RUNNING DEPT,4.9,"(10,4 rb)",Male
Sepatu Lari Pria UNDER ARMOUR CHARGED VERSURGE 3028372600 ORIGINAL - 44.5,unknown,unknown,Rp559.300,unknown,unknown,unknown,RUNNING DEPT,4.9,"(10,4 rb)",Male
Sepatu Sneakers Pria ADIDAS LITE RACER 4.0 JI4947 ORIGINAL - 45,unknown,unknown,Rp422.500,unknown,2 barang berhasil terjual,unknown,RUNNING DEPT,4.9,"(10,4 rb)",Male
"CORVALUE FOOTWEAR - Oshima Black White | Sepatu Pria wanita | Shoes Sneakers Pria wanita Outdoor Casual - Oshima Black White, 40",unknown,unknown,Rp330.000,unknown,5 barang berhasil terjual,unknown,CorvalueFootwear,4.8,"(36,3 rb)",Male
Sepatu Lari Pria ADIDAS RUNFALCON 3.0 ID2286 ORIGINAL - 45,unknown,unknown,Rp552.500,unknown,1 barang berhasil terjual,unknown,RUNNING DEPT,4.9,"(10,4 rb)",Male
Sepatu Lari Pria ADIDAS GALAXY 6 GW4139 ORIGINAL - 44.5,unknown,unknown,Rp510.000,unknown,1 barang berhasil terjual,unknown,RUNNING DEPT,4.9,"(10,4 rb)",Male
Sepatu Lari Pria Diadora Hayder Black - 39,unknown,unknown,Rp321.300,unknown,7 barang berhasil terjual,unknown,Rud Runner,5,-933,Male
,unknown,unknown,,unknown,unknown,unknown,RUNNING DEPT,4.9,"(10,4 rb)",Male
"Sepatu Lari Pria ADIDAS RUNFALCON 5 JI0873 ORIGINAL - BLACK WHITE, 45",unknown,unknown,Rp595.000,unknown,unknown,unknown,RUNNING DEPT,4.9,"(10,4 rb)",Male
Sepatu Lari Pria ADIDAS HEAWYN IG2382 ORIGINAL - 44,unknown,unknown,Rp510.000,unknown,1 barang berhasil terjual,unknown,RUNNING DEPT,4.9,"(10,4 rb)",Male
Sepatu Lari Pria PUMA NIGHT RUNNER V3 31004004 ORIGINAL - 44,unknown,unknown,Rp559.300,unknown,1 barang berhasil terjual,unknown,RUNNING DEPT,4.9,"(10,4 rb)",Male
Sepatu Lari Unisex REEBOK LITE PLUS 4 100209920 ORIGINAL - 44,unknown,unknown,Rp599.400,unknown,unknown,unknown,RUNNING DEPT,4.9,"(10,4 rb)",Male
Sepatu Lari Unisex ADIDAS RUNFALCON 5 IH7757 ORIGINAL - 44,unknown,unknown,Rp595.000,unknown,unknown,unknown,RUNNING DEPT,4.9,"(10,4 rb)",Male
Sepatu Lari Pria ADIDAS SWITCH MOVE U ID5251 ORIGINAL - 40.5,unknown,unknown,Rp510.000,unknown,unknown,unknown,RUNNING DEPT,4.9,"(10,4 rb)",Male
Sepatu Lari Pria ADIDAS SWITCH MOVE U ID5251 ORIGINAL - 40.5,unknown,unknown,Rp510.000,unknown,unknown,unknown,RUNNING DEPT,4.9,"(10,4 rb)",Male
Sepatu Lari Pria Puma Flyer Lite 3 Black - 31079701 - 37.5,unknown,unknown,Rp559.300,unknown,5 barang berhasil terjual,unknown,Rud Runner,5,-933,Male
CALCI Sepatu Lari / Running Shoes Audacity Blast - Citadel/Orange - 36,unknown,unknown,Rp349.800,unknown,2 barang berhasil terjual,unknown,Calci Indonesia,4.9,"(7,3 rb)",Male
"Ardiles Nfinity Runactive Sepatu Lari - White Sunburn - Green Yellow - White Sunburn, 39",unknown,unknown,Rp549.800,unknown,1 barang berhasil terjual,unknown,Ardilesofficial,4.8,"(23,7 rb)",Male
"Sepatu Running Mills Specter New Original - Dk.Grey/Neon, 40",unknown,unknown,Rp329.000,unknown,3 barang berhasil terjual,unknown,Sportaways,4.9,"(32,7 rb)",Male
Decathlon KALENJI Sepatu Lari Wanita Be Dry - Pink - 8803405 - 36,4.9,(33 rating),Rp398.000,Menampilkan 7 dari 7 ulasan,Terjual 50+,100% pembeli merasa puas,decathlon indonesia,4.9,"(249,8 rb)",Male
910 Nineten Geist Ekiden Sepatu Lari - Hitam/HItam - 38,4.8,(232 rating),Rp449.999,Menampilkan 10 dari 79 ulasan,Terjual 250+,97% pembeli merasa puas,910 NINETEN SHOES,4.9,"(117,6 rb)",Male
910 Nineten Shoes - KANZAKI 1.0 / TRIPLE-BLACK/BIRU/UNGU Sepatu Lari Lokal Running Outdoor Running Outdoor - 37,4.8,(256 rating),Rp559.900,Menampilkan 10 dari 204 ulasan,Terjual 750+,98% pembeli merasa puas,910 NINETEN SHOES,4.9,"(117,6 rb)",Male
Hyougen Hatzuki Hitam Oren Sepatu Running Size 39-43 Sepatu Lari - 39,5,(1 rating),Rp259.000,Menampilkan 1 dari 1 ulasan,Terjual 9,100% pembeli merasa puas,Hyougen,4.7,"(1,6 rb)",Male
Sepatu Lari Pria Running Olahraga Sneakers Casual Kasual - NAZ DYLAN - 39,4.7,(73 rating),Rp350.000,unknown,Terjual 100+,93% pembeli merasa puas,Sepatulokalid,4.8,(28 rb),Male
HYOUGEN Daisen 1.2 Super Navy Oren Sepatu Running Size 39-44 Sepatu Lari - 39,5,(8 rating),Rp259.000,Menampilkan 8 dari 8 ulasan,Terjual 26,100% pembeli merasa puas,Hyougen,4.7,"(1,6 rb)",Male
,,,,,,,,,,Male
Hyougen Hatzuki Biru Oren Sepatu Running Size 39-43 Sepatu Lari - 39,5,(6 rating),Rp259.000,Menampilkan 6 dari 6 ulasan,Terjual 21,100% pembeli merasa puas,Hyougen,4.7,"(1,6 rb)",Male
"UNERD PERFORMANCE | BOURKA | Sepatu Running Lari Olahraga - Meta Black, 38",4.9,(836 rating),Rp469.000,Menampilkan 10 dari 465 ulasan,Terjual 3 rb+,98% pembeli merasa puas,Unerd Footwear,4.9,"(13,8 rb)",Male
"CORVALUE FOOTWEAR - Kakunodate White | Sepatu Unisex Pria wanita | Sepatu Lari Outdoor Sporty Running - Kakunodate White, 38",5,(6 rating),Rp209.000,Menampilkan 4 dari 4 ulasan,Terjual 25,100% pembeli merasa puas,CorvalueFootwear,4.8,"(36,3 rb)",Male
SEPATU LARI/RUNNING ORTUSEIGHT BERLIN - BEIGE - 41,5,(198 rating),Rp509.150,Menampilkan 10 dari 64 ulasan,Terjual 250+,99% pembeli merasa puas,RANK SPORTS,4.9,"(50,2 rb)",Male
SEPATU LARI/RUNNING ORTUSEIGHT BERLIN - BLACK - 37,5,(199 rating),Rp509.150,Menampilkan 10 dari 66 ulasan,Terjual 250+,100% pembeli merasa puas,RANK SPORTS,4.9,"(50,2 rb)",Male
,,,,,,,,,,Male
"Ardiles Nfinity Raiton Active Sepatu Lari - All Black - Hitam, 41",5,(16 rating),Rp529.800,Menampilkan 7 dari 7 ulasan,Terjual 30+,100% pembeli merasa puas,Ardilesofficial,4.8,"(23,7 rb)",Male
"Ardiles Nfinity Flash 2.0 Sepatu Lari - Black Atlantis - Hitam, 39",5,(4 rating),Rp579.800,Menampilkan 3 dari 3 ulasan,Terjual 10,100% pembeli merasa puas,Ardilesofficial,4.8,"(23,7 rb)",Male
"Ardiles Raiton Blaze Sepatu Lari - Oranye Hitam - Oranye Hitam, 37",5,(3 rating),Rp284.886,Menampilkan 1 dari 1 ulasan,Terjual 5,100% pembeli merasa puas,Ardilesofficial,4.8,"(23,7 rb)",Male
CALCI Sepatu Lari / Running Shoes Audacity Blast - White/Citroen - 36,5,(4 rating),Rp349.800,Menampilkan 3 dari 3 ulasan,Terjual 12,100% pembeli merasa puas,Calci Indonesia,4.9,"(7,3 rb)",Male
"SEPATU CORVALUE FOOTWEAR - Sepatu Olahraga Running Unisex Pria wanita Oddate Original Sepatu Lari Outdor Sporty - Oddate F.B, 36",4.9,(20 rating),Rp400.000,Menampilkan 10 dari 13 ulasan,Terjual 40+,95% pembeli merasa puas,CorvalueFootwear,4.8,"(36,3 rb)",Male
"Sepatu olah raga xpreme speed x hitam tosca - sepatu lari pria nyaman dan empuk Running Outdoor Olahraga Sport - Fullblack, 39",4.7,(3 rating),Rp176.000,Menampilkan 1 dari 1 ulasan,Terjual 1 rb+,100% pembeli merasa puas,XPREME,4.7,"(1,5 rb)",Male
"XPREME - SEPATU OLAH RAGA RUNNING XPREME SPEED X BLACK GOLD ORIGINAL - SEPATU LARI PRIA Outdoor - Runing Black gold, 39",5,(2 rating),Rp184.000,Menampilkan 1 dari 1 ulasan,Terjual 100+,100% pembeli merasa puas,XPREME,4.7,"(1,5 rb)",Male
SEPATU LARI/RUNNING ORTUSEIGHT X MARVEL PHANTER ENCORE - BLACK/WEAVE - 37,4.7,(7 rating),Rp559.300,Menampilkan 2 dari 2 ulasan,Terjual 18,85% pembeli merasa puas,RANK SPORTS,4.9,"(50,2 rb)",Male
Sepatu Lari Pria NIKE Men Training Legend Essential 3 - DM1120-300,5,(2 rating),Rp548.730,Menampilkan 1 dari 1 ulasan,Terjual 7,100% pembeli merasa puas,Run N Go Sport,4.9,-695,Male
Sepatu Lari Pria NIKE Men Training Legend Essential 3 - DM1120-300,5,(2 rating),Rp548.730,Menampilkan 1 dari 1 ulasan,Terjual 7,100% pembeli merasa puas,Run N Go Sport,4.9,-695,Male
Sepatu Lari Diadora Hayder Navy,5,(2 rating),Rp367.200,unknown,Terjual 5,100% pembeli merasa puas,Run N Go Sport,4.9,-695,Male
"Leedoo Sepatu Sneakers Pria Karet Sepatu Kerja Kuliah Sepatu Olahraga Lari Sepatu Cowok Casual Antiselip MR802 - Hitam , 39",4.9,(27 rating),Rp129.000,Menampilkan 10 dari 11 ulasan,Terjual 90+,100% pembeli merasa puas,Leedoo,4.8,"(185,1 rb)",Male
"Sepatu Running Jogging Lari Olahraga Pria Full Black-Agility Ace MUHSA.CO dengan Tali Pengencang Kokoh Outdoor - NAVY, 39",4.9,(8 rating),Rp226.950,Menampilkan 7 dari 7 ulasan,Terjual 30+,100% pembeli merasa puas,Muhsa.Co,4.8,-271,Male
"Leedoo Sepatu Sneakers Pria Model Casual Putih Kekinian Sepatu Lari Jogging Shoes Formal Antiselip ML701 - Hitam , 40",4.9,(54 rating),Rp159.000,Menampilkan 10 dari 26 ulasan,Terjual 250+,100% pembeli merasa puas,Leedoo,4.8,"(185,1 rb)",Male
Jackson Active Lances 1 Black Orange - 39,5,(1 rating),Rp309.000,Menampilkan 1 dari 1 ulasan,Terjual 1,100% pembeli merasa puas,Jackson Shoes_NEW,4.9,"(5,6 rb)",Male
,,,,,,,,,,Male
Jackson Active Fast 1 Black - 35,5,(1 rating),Rp459.000,unknown,Terjual 1,100% pembeli merasa puas,Jackson Shoes_NEW,4.9,"(5,6 rb)",Male
Jackson Active Vector 1 Blue - 39,5,(4 rating),Rp379.000,Menampilkan 2 dari 2 ulasan,Terjual 6,100% pembeli merasa puas,Jackson Shoes_NEW,4.9,"(5,6 rb)",Male
Jackson Active Lances 1 Navy Yellow - 40,5,(3 rating),Rp309.000,unknown,Terjual 3,100% pembeli merasa puas,Jackson Shoes_NEW,4.9,"(5,6 rb)",Male
Sepatu Lari Pria REEBOK RUNNER 2.5 100211581 ORIGINAL - 45,5,(4 rating),Rp539.400,Menampilkan 1 dari 1 ulasan,Terjual 4,100% pembeli merasa puas,SNEAKERS DEPT,4.9,"(184,4 rb)",Male
Sepatu Lari Pria REEBOK LITE PLUS 4 100209920 ORIGINAL - 44,5,(6 rating),Rp599.400,Menampilkan 4 dari 4 ulasan,Terjual 9,100% pembeli merasa puas,SNEAKERS DEPT,4.9,"(184,4 rb)",Male
,,,,,,,,,,Male
BRODO - Running Shoes Active Venturi Coral Red - 40,4.7,(19 rating),Rp609.000,Menampilkan 10 dari 15 ulasan,Terjual 70+,89% pembeli merasa puas,Brodo Footwear_NEW,4.9,"(168,7 rb)",Male
Jackson Active Fast 1 White - 35,5,(1 rating),Rp459.000,unknown,Terjual 2,100% pembeli merasa puas,Jackson Shoes_NEW,4.9,"(5,6 rb)",Male
Jackson Active Trail 1 Light Blue - 36,5,(2 rating),Rp379.000,Menampilkan 1 dari 1 ulasan,Terjual 4,100% pembeli merasa puas,Jackson Shoes_NEW,4.9,"(5,6 rb)",Male
Jackson Active Vector 1 Red - 39,5,(2 rating),Rp379.000,unknown,Terjual 4,100% pembeli merasa puas,Jackson Shoes_NEW,4.9,"(5,6 rb)",Male
"Jackson Active Aloz 1UT - Sepatu Sporty - Full Black, 36",5,(1 rating),Rp599.000,unknown,Terjual 1,100% pembeli merasa puas,Jackson Shoes_NEW,4.9,"(5,6 rb)",Male
Jackson Aktive Wilder 1 Pink - 36,5,(4 rating),Rp309.000,Menampilkan 2 dari 2 ulasan,Terjual 4,100% pembeli merasa puas,Jackson Shoes_NEW,4.9,"(5,6 rb)",Male
Jackson Active Pacer 1 Maroon Gold - 39,5,(2 rating),Rp379.000,Menampilkan 1 dari 1 ulasan,Terjual 5,100% pembeli merasa puas,Jackson Shoes_NEW,4.9,"(5,6 rb)",Male
Jackson Active Wilder 1 Light Blue - 36,5,(4 rating),Rp309.000,Menampilkan 1 dari 1 ulasan,Terjual 4,100% pembeli merasa puas,Jackson Shoes_NEW,4.9,"(5,6 rb)",Male
Jackson Active Vector 1 Black - 39,5,(1 rating),Rp379.000,Menampilkan 1 dari 1 ulasan,Terjual 3,100% pembeli merasa puas,Jackson Shoes_NEW,4.9,"(5,6 rb)",Male
Jackson Active Strada 1 Black White - 35,5,(1 rating),Rp379.000,unknown,Terjual 1,100% pembeli merasa puas,Jackson Shoes_NEW,4.9,"(5,6 rb)",Male
"Jackson Active Nero 1UT - Sepatu Sporty - Light Blue, 37",5,(4 rating),Rp599.000,unknown,Terjual 7,100% pembeli merasa puas,Jackson Shoes_NEW,4.9,"(5,6 rb)",Male
Jackson Active Strada 1 Navy Pink - 35,5,(1 rating),Rp379.000,unknown,Terjual 1,100% pembeli merasa puas,Jackson Shoes_NEW,4.9,"(5,6 rb)",Male
Decathlon Sepatu Trainer Pria KLNJ Be Dry Hitam - 8803395 - 40,4.8,(13 rating),Rp398.000,Menampilkan 4 dari 4 ulasan,Terjual 21,92% pembeli merasa puas,decathlon indonesia,4.9,"(249,9 rb)",Male
"Ortuseight Sepatu Running Hyperblast Encore White Camo - White Camo, 44",4.9,(157 rating),Rp599.000,Menampilkan 10 dari 87 ulasan,Terjual 500+,99% pembeli merasa puas,Ortuseight,4.9,"(35,6 rb)",Male
"SPECS SEPATU RUNNING CLOUDBLAZER WHITE ASSYLUM/NOMAD SPE1040079 - WHITE ASSYLUM, 41",4.9,(8 rating),Rp549.800,Menampilkan 7 dari 7 ulasan,Terjual 30+,100% pembeli merasa puas,Specs Indonesia,4.9,"(14,4 rb)",Male
"SPECS SEPATU RUNNING ATMOZPHYR METRO BLUE DE BLANC SPE1040036 - BLUE, 46",4.9,(16 rating),Rp494.820,Menampilkan 10 dari 11 ulasan,Terjual 30+,100% pembeli merasa puas,Specs Indonesia,4.9,"(14,4 rb)",Male
"SFIDN FITS Cloudwalker Series Sepatu Pria Casual Sneaker Running Shoes - Biru, 38",4.8,(332 rating),Rp343.000,Menampilkan 10 dari 181 ulasan,Terjual 500+,97% pembeli merasa puas,SFIDN FITS Shop,4.9,"(126,7 rb)",Male
"Ortuseight Sepatu Running Hyperdrive 2.2 All Black - All Black, 38",4.9,(135 rating),Rp649.000,Menampilkan 10 dari 43 ulasan,Terjual 250+,97% pembeli merasa puas,Ortuseight,4.9,"(35,6 rb)",Male
"Mills Sepatu Lari Running Shoes Enermax Dynaplate Morph Black / Red / Blue / White 9104801 - Blk/Red/Bl/Wht, 36",4.7,(3 rating),Rp539.600,Menampilkan 3 dari 3 ulasan,Terjual 10,100% pembeli merasa puas,MILLS OFFICIAL,4.9,"(76,3 rb)",Male
"UNERD PERFORMANCE | BOURKA | Sepatu Running Lari Olahraga - Meta Black, 38",4.9,(837 rating),Rp469.000,Menampilkan 10 dari 465 ulasan,Terjual 3 rb+,98% pembeli merasa puas,Unerd Footwear,4.9,"(13,8 rb)",Male
"Jackson Active Valor - Sepatu Lari - Black, 37",4.9,(11 rating),Rp519.000,Menampilkan 6 dari 6 ulasan,Terjual 24,100% pembeli merasa puas,Jackson Shoes_NEW,4.9,"(5,6 rb)",Male
"Jackson Active Valor - Sepatu Lari - Black, 37",4.9,(11 rating),Rp519.000,Menampilkan 6 dari 6 ulasan,Terjual 24,100% pembeli merasa puas,Jackson Shoes_NEW,4.9,"(5,6 rb)",Male
SEPATU LARI HYPERGLIDE 1.4 - OLYMPIC BLUE/ELECTRICITY/WHITE Outdoor - 46,5,(45 rating),Rp509.150,Menampilkan 10 dari 17 ulasan,Terjual 80+,100% pembeli merasa puas,RANK SPORTS,4.9,"(50,3 rb)",Male
,,,,,,,,,,Male
SEPATU LARI/RUNNING ORTUSEIGHT BERLIN - BLACK - 37,5,(201 rating),Rp509.150,Menampilkan 10 dari 67 ulasan,Terjual 250+,100% pembeli merasa puas,RANK SPORTS,4.9,"(50,3 rb)",Male
Sepatu Lari Pria ADIDAS DURAMO SL FY6681 ORIGINAL - 44.5,5,(3 rating),Rp540.000,unknown,Terjual 5,100% pembeli merasa puas,RUNNING DEPT,4.9,"(10,4 rb)",Male
"Larocking - Saka Hitam | Sepatu Sneakers Casual Gym - Hitam, 39",4.9,(55 rating),Rp105.708,Menampilkan 10 dari 43 ulasan,Terjual 100+,100% pembeli merasa puas,Larocking,4.8,"(107,7 rb)",Male
"Ardiles Nfinity Stargaz Sepatu Lari - Blackstar - Hitam, 39",4.9,(15 rating),Rp449.800,Menampilkan 7 dari 7 ulasan,Terjual 25,100% pembeli merasa puas,Ardilesofficial,4.8,"(23,7 rb)",Male
910 Nineten KANZAKI 1.0 SE Sepatu Lari - Hitam/Pink/Ungu/Biru Running Outdoor - 42,4.6,(14 rating),Rp579.900,Menampilkan 10 dari 14 ulasan,Terjual 50+,92% pembeli merasa puas,910 NINETEN SHOES,4.9,"(117,7 rb)",Male
910 Nineten Yokko 1.5 Sepatu Training LifeStyle - Green/Hitam/Putih - 39,4.6,(14 rating),Rp529.900,Menampilkan 9 dari 9 ulasan,Terjual 40+,92% pembeli merasa puas,910 NINETEN SHOES,4.9,"(117,7 rb)",Male
"Sepatu BEYOMA Run Olahraga Sneakers Sport BY123 Running Outdoor - Putih, 43",5,(1 rating),Rp289.000,Menampilkan 1 dari 1 ulasan,Terjual 16,100% pembeli merasa puas,BEYOMA,4.7,"(3,5 rb)",Male
"Muhsa.Co-Sepatu Running Olahraga Pria/Wanita Hyperblast laufen Unisex - Hitam, 38",5,(1 rating),Rp232.550,Menampilkan 1 dari 1 ulasan,Terjual 1,100% pembeli merasa puas,Muhsa.Co,4.8,-272,Male
New ! Sepatu Lari / Running Eagle Shoes AZKA Abu Abu Citrun - 37,5,(1 rating),Rp230.000,Menampilkan 1 dari 1 ulasan,Terjual 1,100% pembeli merasa puas,PROCHAMPION,4.9,"(168,3 rb)",Male
"Sepatu BEYOMA New Running Olahraga Sneakers Sport BY170 Outdoor - Putih, 39",5,(5 rating),Rp278.000,Menampilkan 5 dari 5 ulasan,Terjual 12,100% pembeli merasa puas,BEYOMA,4.7,"(3,5 rb)",Male
"ATH x WBRN RX-King SPZL Shoes Black Grey - Hitam, 40",5,(3 rating),Rp375.000,Menampilkan 1 dari 1 ulasan,Terjual 20,100% pembeli merasa puas,Wellborn,4.8,"(20,8 rb)",Male
"[ORIGINAL] Sepatu BEYOMA Dark Zero Pria Wanita Sneakers Sport Running Shoes Olahraga Free Kotak Box BY014 Outdoor - Beige, 39",5,(2 rating),Rp240.000,Menampilkan 2 dari 2 ulasan,Terjual 10,100% pembeli merasa puas,BEYOMA,4.7,"(3,5 rb)",Male
"[ORIGINAL] Sepatu BEYOMA Foa Rend Pria Sneakers Sport Running Shoes Olahraga Free Kotak Box BY006 Outdoor - Putih, 39",5,(3 rating),Rp260.000,Menampilkan 3 dari 3 ulasan,Terjual 8,100% pembeli merasa puas,BEYOMA,4.7,"(3,5 rb)",Male
"[ORIGINAL] Sepatu BEYOMA ROSTORY CHILD STANDARD Pria Wanita Sneakers Sport Running Shoes Olahraga Free Kotak Box BY012 Outdoor - Coklat, 39",5,(1 rating),Rp240.000,Menampilkan 1 dari 1 ulasan,Terjual 3,100% pembeli merasa puas,BEYOMA,4.7,"(3,5 rb)",Male
"Sepatu BEYOMA Lari Olahraga Sneakers BY208 Outdoor Running - Putih Coklat, 39",5,(1 rating),Rp250.000,Menampilkan 1 dari 1 ulasan,Terjual 4,100% pembeli merasa puas,BEYOMA,4.7,"(3,5 rb)",Male
"New ! Sepatu Lari / Running Original Eagle Shoes AZKA - ABU ABU CITRUN, 37",5,(1 rating),Rp231.000,unknown,Terjual 1,100% pembeli merasa puas,PROCHAMPION,4.9,"(168,3 rb)",Male
New ! Sepatu Lari / Running Original Eagle Shoes SHADOWRUN Biru Oranye - 41,5,(2 rating),Rp375.000,Menampilkan 1 dari 1 ulasan,Terjual 4,100% pembeli merasa puas,PROCHAMPION,4.9,"(168,3 rb)",Male
"SEPATU BEYOMA AIR GERIGI 3 HIGH ORIGINAL Pria Wanita Sneakers Sport Running Shoes Olahraga Free Kotak Box BY027 Outdoor - Hitam, 39",5,(21 rating),Rp310.000,Menampilkan 10 dari 21 ulasan,Terjual 60+,100% pembeli merasa puas,BEYOMA,4.7,"(3,5 rb)",Male
"Sepatu BEYOMA Lari Olahraga Sneakers BY235 Uniseks Outdoor Running - Hitam Putih, 40",5,(4 rating),Rp230.000,Menampilkan 4 dari 4 ulasan,Terjual 25,100% pembeli merasa puas,BEYOMA,4.7,"(3,5 rb)",Male
"ADIDAS Court Shoes Sports Performance Shoes Pria - Footwear White/Core Black/Preloved Scarlet, 8.5",5,(1 rating),Rp600.000,Menampilkan 1 dari 1 ulasan,Terjual 4,100% pembeli merasa puas,ZALORA Indonesia,4.8,"(4,9 rb)",Male
"Sepatu BEYOMA Lari Olahraga Sneakers Olahraga BY270 Outdoor Running - Coklat, 36",5,(1 rating),Rp150.000,Menampilkan 1 dari 1 ulasan,Terjual 8,100% pembeli merasa puas,BEYOMA,4.7,"(3,5 rb)",Male
New ! Sepatu Lari / Running Eagle Shoes HAMPTON Abu Tua Oranye - 44,5,(2 rating),Rp231.000,Menampilkan 1 dari 1 ulasan,Terjual 3,100% pembeli merasa puas,PROCHAMPION,4.9,"(168,3 rb)",Male
,,,,unknown,,100% pembeli merasa puas,,,,Male
Sepatu Lari Nineten Kishi Run Flow Putih Original N02764587456542 - 40,5,(3 rating),Rp562.425,unknown,Terjual 6,100% pembeli merasa puas,Starting Lane ID,4.9,"(10,4 rb)",Male
Sepatu Lari Nineten Haze Veloce Se Jakarta Biru Original N554678554367 - 41,5,(1 rating),Rp509.940,unknown,Terjual 1,100% pembeli merasa puas,Starting Lane ID,4.9,"(10,4 rb)",Male
Sepatu Lari Nineten Haze Vision 1.0 Biru Tua Original - 38,5,(6 rating),Rp429.000,Menampilkan 1 dari 1 ulasan,Terjual 11,100% pembeli merasa puas,Starting Lane ID,4.9,"(10,4 rb)",Male
Sepatu Lari Li-Ning Chitu 5.0 Silver Grey Original - 7.5~(40 1/3),5,(1 rating),Rp499.000,unknown,Terjual 1,100% pembeli merasa puas,Starting Lane ID,4.9,"(10,4 rb)",Male
Sepatu Lari Nineten Haze 2.0 Putih Biru Original N6457343561287 - 39,5,(3 rating),Rp449.000,Menampilkan 2 dari 2 ulasan,Terjual 9,100% pembeli merasa puas,Starting Lane ID,4.9,"(10,4 rb)",Male
Sepatu Lari Specs Vortex Sv Subs1 White Original - 42,5,(1 rating),Rp489.000,Menampilkan 1 dari 1 ulasan,Terjual 5,100% pembeli merasa puas,Starting Lane ID,4.9,"(10,4 rb)",Male
Sepatu Lari Nike Downshifter 13 Green Frost Original Fd6454-101 - 10~(44),5,(5 rating),Rp599.000,Menampilkan 3 dari 3 ulasan,Terjual 10,100% pembeli merasa puas,Starting Lane ID,4.9,"(10,4 rb)",Male
Sepatu Lari Nineten Irezumi Spacepunk Multicolor Original N32490862142 - 41,5,(1 rating),Rp407.940,unknown,Terjual 1,100% pembeli merasa puas,Starting Lane ID,4.9,"(10,4 rb)",Male
Sepatu Lari Adidas Duramo Sl M Cloud White Original - 10~(44 2/3),5,(2 rating),Rp599.000,Menampilkan 3 dari 3 ulasan,Terjual 4,100% pembeli merasa puas,Starting Lane ID,4.9,"(10,4 rb)",Male
Sepatu Lari Nineten Takashi Run 1.5 Kuning/Hitam Original N54891256472 - 40,5,(2 rating),Rp509.925,Menampilkan 1 dari 1 ulasan,Terjual 3,100% pembeli merasa puas,Starting Lane ID,4.9,"(10,4 rb)",Male
Sepatu Lari Nineten Haze Strike Prime Merah Putih Original N0091112745 - 40,5,(1 rating),Rp434.925,unknown,Terjual 2,100% pembeli merasa puas,Starting Lane ID,4.9,"(10,4 rb)",Male
Sepatu Lari Li-Ning Super Light 19 Black White Original - 6.5~(39),5,(3 rating),Rp599.000,Menampilkan 1 dari 1 ulasan,Terjual 5,100% pembeli merasa puas,Starting Lane ID,4.9,"(10,4 rb)",Male
Sepatu Lari Nineten Reishika Bolster Mint Dark Teal Original - 42,5,(4 rating),Rp449.925,Menampilkan 2 dari 2 ulasan,Terjual 7,100% pembeli merasa puas,Starting Lane ID,4.9,"(10,4 rb)",Male
ADIDAS COURTBLOCK WOMEN IF6509 / 20241 - UK 3.5,5,(4 rating),Rp630.000,Menampilkan 3 dari 3 ulasan,Terjual 14,100% pembeli merasa puas,Arkais Official,4.9,"(13,5 rb)",Male
"Nevada Mrom Sepatu Running Pria 121497695 - FROST GREY, 44",5,(2 rating),Rp429.900,Menampilkan 2 dari 2 ulasan,Terjual 9,100% pembeli merasa puas,Matahari Official,4.9,"(42,7 rb)",Male
"Nevada Avery Sepatu Sneakers Pria 121338071 - BLACK, 43",5,(3 rating),Rp239.940,Menampilkan 3 dari 3 ulasan,Terjual 15,100% pembeli merasa puas,Matahari Official,4.9,"(42,7 rb)",Male
"Nevada Mrom Sepatu Running Pria 121497695 - FROST GREY, 44",5,(1 rating),Rp257.940,Menampilkan 1 dari 1 ulasan,Terjual 1,100% pembeli merasa puas,Matahari Official,4.9,"(42,7 rb)",Male
"Nevada Harvey Sepatu Sneakers Pria 121338080 - BLACK, 44",5,(1 rating),Rp257.940,unknown,Terjual 4,100% pembeli merasa puas,Matahari Official,4.9,"(42,7 rb)",Male
Sepatu 910 Nineten HIROSHI GTX - ABU-MUDA/ABU-TUA/JINGGA (Running) - 45,5,(2 rating),Rp601.914,Menampilkan 1 dari 1 ulasan,Terjual 11,100% pembeli merasa puas,Dorado Sportswear,4.9,"(10,8 rb)",Male
"Fromzero - Sepatu Running Pria Wanita Fromzero Signal Full Black 36 - 44 - FULL BLACK, 36",4.9,(14 rating),Rp149.000,Menampilkan 8 dari 8 ulasan,Terjual 50+,100% pembeli merasa puas,FROMZERO STORE_NEW,4.8,"(4,8 rb)",Male
"Keeping Sepatu Olahraga Pria Trendy New Sepatu Sekolah Kuliah Travelling Sepatu Jogging Sport Shoes Running Outdoor KSR716 - abu, 39",4.9,(7 rating),Rp149.000,Menampilkan 4 dari 4 ulasan,Terjual 30+,100% pembeli merasa puas,Keeping_NEW,4.8,"(15,6 rb)",Male
"Keeping Sepatu Pria Hitam Sepatu Sneakers Cowok Terbaru 2025 Hangout Casual Running Shoes Sepatu Sport Keren KSR736 - Hitam, 39",4.9,(8 rating),Rp163.930,Menampilkan 6 dari 6 ulasan,Terjual 50+,100% pembeli merasa puas,Keeping_NEW,4.8,"(15,6 rb)",Male
"Keeping Sepatu Runinng Pria Sneakers Cowok Trendy Sepatu Casual Pria Anti Slip Sepatu Olahraga KSR139 - Hitam, 39",4.8,(25 rating),Rp169.000,unknown,Terjual 80+,100% pembeli merasa puas,Keeping_NEW,4.8,"(15,6 rb)",Male
"PAULMAY - Sepatu Sneakers Running Pria Go Run Grey - Grey, 39",4.9,(8 rating),Rp244.690,Menampilkan 5 dari 5 ulasan,Terjual 15,100% pembeli merasa puas,Paulmay,4.8,"(32,4 rb)",Male
"Sepatu Running Pria Wanita Outdoor Fromzero Signal Black Red 36 - 44 - BLACK RED, 36",4.9,(26 rating),Rp160.000,Menampilkan 10 dari 26 ulasan,Terjual 100+,100% pembeli merasa puas,FROMZERO STORE_NEW,4.8,"(4,8 rb)",Male
"PAULMAY - Sepatu Slip On Running Pria Go Walk - Grey - Grey, 41",4.9,(8 rating),Rp194.670,Menampilkan 6 dari 6 ulasan,Terjual 17,100% pembeli merasa puas,Paulmay,4.8,"(32,4 rb)",Male
"Sepatu Pria Sneakers Zenifa Running Enzo Jogging Ringan Olahraga Premium Outdoor - Ocean, 38",5,(3 rating),Rp101.950,Menampilkan 2 dari 2 ulasan,Terjual 25,100% pembeli merasa puas,Zenifa,4.6,(7 rb),Male
"Femez Cloudfeet Sepatu Pria Ukuran Big Size Jumbo 43-48 Abu Hitam Black Running Olahraga Flipper By Femez - Abu Sol Hitam, 43",5,(6 rating),Rp149.000,Menampilkan 2 dari 2 ulasan,Terjual 10,100% pembeli merasa puas,FEMEZ OFFICIAL STORE_NEW,4.7,"(1,8 rb)",Male
"Sepatu Pria Joemen J 92 Sneakers Casual Shoes Snekers Hitam Putih - Orange, 39",5,(1 rating),Rp130.000,Menampilkan 1 dari 1 ulasan,Terjual 1,100% pembeli merasa puas,Joemen_leather,4.7,(9 rb),Male
"Femez Cloudfeet Sepatu Casual Pria Ukuran Big Size Jumbo 43-48 Biru Navy Merah Sport Olahraga Sepatu Polos FLIPPER by FEMEZRunning Shoes - 43, Navy Merah",5,(2 rating),Rp149.000,unknown,Terjual 3,100% pembeli merasa puas,FEMEZ OFFICIAL STORE_NEW,4.7,"(1,8 rb)",Male
Sepatu Sneakers Olahraga Pria Morph Lite Full White SIDSNEAKS Casual Running - Shoes untuk Olahraga Outdoor - 44,5,(1 rating),Rp349.000,unknown,Terjual 4,100% pembeli merasa puas,sidsneaks,5.1,-8,Male
"Femez Sepatu Olahraga Lari Borneo 0.2 Spesial Edition Glow In The Dark Full White Running Sneakers Pria Wanita Full Putih Rubber - Full Putih, 39",5,(1 rating),Rp179.000,unknown,Terjual 1,100% pembeli merasa puas,FEMEZ OFFICIAL STORE_NEW,4.7,"(1,8 rb)",Male
"Femez Sepatu Olahraga Lari Borneo 0.2 Spesial Edition Glow In The Dark White Black Running Sneakers Pria Wanita Hitam Putih Rubber - Hiam Putih, 39",5,(2 rating),Rp179.000,unknown,Terjual 2,100% pembeli merasa puas,FEMEZ OFFICIAL STORE_NEW,4.7,"(1,8 rb)",Male
"Sepatu Olahraga Pria SIDSNEAKS Morph Lite Navy Orange - Fully Knitted Upper, Extremely Breatheable Upper, Soft Foam Liner, Phylon Rubber Outsole - Outdoor, Running Running Outdoor Casual Shoes Sneakers - 39",5,(1 rating),Rp349.000,Menampilkan 1 dari 1 ulasan,Terjual 11,100% pembeli merasa puas,sidsneaks,5.1,-8,Male
"Oldiac Uniqeve - Sepatu Joging Pria Sneakers Black Blue 38-44 - UNIQEVE Black Blue, 38",5,(1 rating),Rp189.800,unknown,Terjual 10,100% pembeli merasa puas,Oldiac Original,4.7,-23,Male
"Oldiac Warriors - Sepatu Olahraga Pria Wanita Class Premium Sporty - WARRIORS Orange Blue, 38",5,(2 rating),Rp189.800,unknown,Terjual 3,100% pembeli merasa puas,Oldiac Original,4.7,-23,Male
"Sepatu Vanderzu Original ZX3 Pria wanita Sneaker Olahraga Running Lari Hitam Lis Stabilo Outdoor - Hitam Stabilo, 36",5,(5 rating),Rp124.999,Menampilkan 5 dari 5 ulasan,Terjual 15,100% pembeli merasa puas,lion.id,4.8,-223,Male
"Oldiac Uniqeve - Sepatu Lari Pria Sneakers Grey Black Dewasa - UNIQEVE Full Black, 38",5,(1 rating),Rp189.800,Menampilkan 1 dari 1 ulasan,Terjual 9,100% pembeli merasa puas,Oldiac Original,4.7,-23,Male
"Oldiac Uniqeve - Sepatu Olahraga Pria Running Blue Orange Limited - UNIQEVE Blue Orange, 38",5,(1 rating),Rp189.800,Menampilkan 1 dari 1 ulasan,Terjual 3,100% pembeli merasa puas,Oldiac Original,4.7,-23,Male
"Oldiac Sepatu Running Pria Warriors Olahraga Lari Hitam dengan Desain Grafis Eksklusif - WARRIORS Full Black, 38",5,(3 rating),Rp189.800,Menampilkan 2 dari 2 ulasan,Terjual 5,100% pembeli merasa puas,Oldiac Original,4.7,-23,Male
"Sepatu Vanderzu FR302 Navy Lis Putih Sneaker Olahraga Lari Pria Wanita Running Shoes Outdoor - Navy Orange, 39",5,(7 rating),Rp129.999,Menampilkan 7 dari 7 ulasan,Terjual 10,100% pembeli merasa puas,lion.id,4.8,-223,Male
,,,,,,,,,,Male
"Sepatu Olahraga Lari Pria Wanita Vanderzu FR302 Hitam Gold Sneaker Original - Casual, Kasual Karet Shoes - Hitam Gold, 39",5,(9 rating),Rp129.999,Menampilkan 9 dari 9 ulasan,Terjual 30+,100% pembeli merasa puas,lion.id,4.8,-223,Male
Sepatu Running 910 HIROSHI - Putih/Abu/Hitam - 39,5,(20 rating),Rp566.910,Menampilkan 7 dari 7 ulasan,Terjual 30+,100% pembeli merasa puas,Orion Sport_NEW,4.9,"(5,7 rb)",Male
910 NINETEN SEPATU RUNNING KANZAKI 2.0 - HITAM/UNGU/MAGENTA - 42,5,(6 rating),Rp521.910,Menampilkan 4 dari 4 ulasan,Terjual 27,100% pembeli merasa puas,Orion Sport_NEW,4.9,"(5,7 rb)",Male
Sepatu Running 910 - TENUN IDN ULTRA EKIDEN CMD JAWA Biru/Merah/Putih - 39,5,(3 rating),Rp494.910,unknown,Terjual 4,100% pembeli merasa puas,Orion Sport_NEW,4.9,"(5,7 rb)",Male
910 NINETEN SEPATU RUNNING FUUTO REVENGE - ABU-TUA/HIJAU-MINT - 40,5,(14 rating),Rp494.910,Menampilkan 4 dari 4 ulasan,Terjual 17,100% pembeli merasa puas,Orion Sport_NEW,4.9,"(5,7 rb)",Male
910 NINETEN SEPATU SPORT STYLE FUUTO HERITAGE - SAIL - 42,5,(2 rating),Rp539.910,unknown,Terjual 6,100% pembeli merasa puas,Orion Sport_NEW,4.9,"(5,7 rb)",Male
Sepatu Running 910 - HAZE VISION SE MAGELANG Merah/Hitam - 39,5,(2 rating),Rp476.910,Menampilkan 1 dari 1 ulasan,Terjual 3,100% pembeli merasa puas,Orion Sport_NEW,4.9,"(5,7 rb)",Male
910 NINETEN SEPATU RUNNING (KR) KHENZ0 RUN -BIRU/MERAH/PUTIH - 39,5,(3 rating),Rp476.910,Menampilkan 2 dari 2 ulasan,Terjual 11,100% pembeli merasa puas,Orion Sport_NEW,4.9,"(5,7 rb)",Male
SEPATU RUNNING ORI 910 - RYU SWIFT BIRU/ORANGE - 41,5,(8 rating),Rp359.910,Menampilkan 3 dari 3 ulasan,Terjual 15,100% pembeli merasa puas,Orion Sport_NEW,4.9,"(5,7 rb)",Male
SEPATU RUNNING ORI 910 - RYU SWIFT BIRU/ORANGE - 41,5,(8 rating),Rp359.910,Menampilkan 3 dari 3 ulasan,Terjual 15,100% pembeli merasa puas,Orion Sport_NEW,4.9,"(5,7 rb)",Male
Sepatu Running 910 Geist Ekiden Hitam/Merah/Putih - 40,5,(4 rating),Rp431.910,Menampilkan 4 dari 4 ulasan,Terjual 9,100% pembeli merasa puas,Orion Sport_NEW,4.9,"(5,7 rb)",Male
910 NINETEN SEPATU RUNNING FUUTO REVENGE - BIRU/TURQUOISE - 36,5,(5 rating),Rp494.910,Menampilkan 4 dari 4 ulasan,Terjual 11,100% pembeli merasa puas,Orion Sport_NEW,4.9,"(5,7 rb)",Male
910 NINETEN SEPATU RUNNING REISHIKA BOLSTER - PUTIH/DARK-TEAL/ABU - 40,5,(26 rating),Rp539.910,unknown,Terjual 50+,100% pembeli merasa puas,Orion Sport_NEW,4.9,"(5,7 rb)",Male
910 NINETEN SEPATU RUNNING ULTRA EKIDEN 1.0 BIRU NAVY/HIJAU TOSCA/HITAM PUTIH - 37,5,(7 rating),Rp521.910,Menampilkan 5 dari 5 ulasan,Terjual 20,100% pembeli merasa puas,Orion Sport_NEW,4.9,"(5,7 rb)",Male
Sepatu Running 910 AURORUN - Biru/Putih/Merah SPECIAL EDITION - 40,5,(1 rating),Rp539.910,unknown,Terjual 2,100% pembeli merasa puas,Orion Sport_NEW,4.9,"(5,7 rb)",Male
910 NINETEN SEPATU RUNNING FUUTO REVENGE - PUTIH/ABU-MUDA/TURQUOISE - 41,5,(12 rating),Rp494.910,Menampilkan 10 dari 10 ulasan,Terjual 60+,100% pembeli merasa puas,Orion Sport_NEW,4.9,"(5,7 rb)",Male
910 NINETEN SEPATU TRAIL RUNNING - GEIST EKIDEN TRAIL HIJAU TUA/KREM/JINGGA - 46,5,(3 rating),Rp494.910,Menampilkan 3 dari 3 ulasan,Terjual 14,100% pembeli merasa puas,Orion Sport_NEW,4.9,"(5,7 rb)",Male
910 NINETEN SEPATU RUNNING HIROSHI - HIJAU-TOSCA/HIJAU-TUA - 40,5,(17 rating),Rp566.910,Menampilkan 6 dari 6 ulasan,Terjual 40+,100% pembeli merasa puas,Orion Sport_NEW,4.9,"(5,7 rb)",Male
910 NINETEN SEPATU RUNNING - REISHIKA BOLSTER BIRU/JINGGA/PUTIH - 40,5,(8 rating),Rp539.910,Menampilkan 3 dari 3 ulasan,Terjual 16,100% pembeli merasa puas,Orion Sport_NEW,4.9,"(5,7 rb)",Male
910 NINETEN SEPATU RUNNING AURORUN - HITAM/BIRU/UNGU - 41,5,(2 rating),Rp539.910,unknown,Terjual 16,100% pembeli merasa puas,Orion Sport_NEW,4.9,"(5,7 rb)",Male
910 NINETEN SEPATU RUNNING KISHI RUN ACTIVE - ABU-MUDA/MERAH - 40,5,(1 rating),Rp539.910,unknown,Terjual 4,100% pembeli merasa puas,Orion Sport_NEW,4.9,"(5,7 rb)",Male
Sepatu Running Ori 910 - Geist Ekiden Hitam/Hitam - 38,5,(28 rating),Rp431.910,Menampilkan 10 dari 12 ulasan,Terjual 80+,100% pembeli merasa puas,Orion Sport_NEW,4.9,"(5,7 rb)",Male
910 NINETEN SEPATU TRAINING 910 NAKAMI FLOW - UNGU/BIRU MD/JINGGA - 39,5,(2 rating),Rp566.910,Menampilkan 1 dari 1 ulasan,Terjual 3,100% pembeli merasa puas,Orion Sport_NEW,4.9,"(5,7 rb)",Male
Sepatu Running 910 Haze MetaSpeed- Biru-Tua/Biru-Muda/Ji - 43,5,(7 rating),Rp449.910,Menampilkan 4 dari 4 ulasan,Terjual 10,100% pembeli merasa puas,Orion Sport_NEW,4.9,"(5,7 rb)",Male
,,,,unknown,,,,,,Male
"X-Fourth Hyperion White Silver - Sepatu running Olahraga Daily Running Lari Sekolah Pria Wanita Sneakers Kasual Senam Fitness Gym Outdoor longrun pace - HYP BLACK ORANGE, 38",5,(1 rating),Rp216.000,Menampilkan 1 dari 1 ulasan,Terjual 10,100% pembeli merasa puas,xfourth,4.6,"(1,1 rb)",Male
"X-Fourth ForMax Grey White - Sepatu Trainer Olahraga Daily Running Lari Sekolah Pria Wanita Sneakers Kasual Senam Fitness Gym Outdoor Casual Shoes - FM Monoblack, 38",5,(4 rating),Rp191.200,Menampilkan 3 dari 3 ulasan,Terjual 25,100% pembeli merasa puas,xfourth,4.6,"(1,1 rb)",Male
"Sepatu Pria Olahraga Lari Pria Nuevo Soars XI Hitam Oren Sneakers Running - Hitam Hijau, 39",5,(1 rating),Rp181.500,unknown,Terjual 4,100% pembeli merasa puas,NUEVO Offcl Shop,4.5,"(9,7 rb)",Male
"NUEVO Velocity Full White | Sepatu Running Pria | Sepatu Sneakers - Putih Full, 39",5,(2 rating),Rp161.650,Menampilkan 1 dari 1 ulasan,Terjual 8,100% pembeli merasa puas,NUEVO Offcl Shop,4.5,"(9,7 rb)",Male
"Eagle Sepatu Lari Over Drive – Running Shoes sepatulari - ABU TUA/MERAH, 37",4.9,(284 rating),Rp295.920,Menampilkan 10 dari 162 ulasan,Terjual 1 rb+,97% pembeli merasa puas,Sepatu Eagle Official Store,4.9,"(48,3 rb)",Male
"Eagle Sepatu Lari Shadowrun - Running Shoes sepatulari - ORANYE/BIRU MUDA, 38",4.9,(164 rating),Rp375.920,unknown,Terjual 250+,99% pembeli merasa puas,Sepatu Eagle Official Store,4.9,"(48,3 rb)",Male
"Eagle Sepatu Running Run Breaker - Sepatu Lari Outdoor sepatulari - ABU TUA/CITRUN, 38",4.9,(1.782 rating),Rp297.507,Menampilkan 10 dari 825 ulasan,Terjual 8 rb+,98% pembeli merasa puas,Sepatu Eagle Official Store,4.9,"(48,3 rb)",Male
"Eagle Sepatu Running Nomad - Running Shoes sepatulari - MERAH/ABU TUA, 37",4.9,(915 rating),Rp287.910,Menampilkan 10 dari 399 ulasan,Terjual 3 rb+,98% pembeli merasa puas,Sepatu Eagle Official Store,4.9,"(48,3 rb)",Male
,,,,,,,,,,Male
"Leedoo Sepatu Sneakers Pria Casual Sepatu Jogging Hitam Sepatu Fashion Cowok Kekinian Antiselip Sepatu Sekolah Siswa MR182 - Hitam , 39",4.8,(19 rating),Rp109.000,Menampilkan 10 dari 10 ulasan,Terjual 60+,100% pembeli merasa puas,Leedoo,4.8,"(185,1 rb)",Male
"Leedoo Sepatu Pria Sneakers Hitam Cowok Sepatu Lari Sporty Jogging Sepatu Kerja Kuliah Casual Antiselip Sepatu Sekolah Siswa MR187 - Hitam , 39",4.8,(4 rating),Rp119.000,Menampilkan 2 dari 2 ulasan,Terjual 7,100% pembeli merasa puas,Leedoo,4.8,"(185,1 rb)",Male
,,,,Menampilkan 10 dari 383 ulasan,,97% pembeli merasa puas,,,,Male
"Leedoo Sepatu Ringan Pria Sneakers Cowok Sepatu Lari Shoes Running Olahraga Kekinian Antislip Sepatu Sekolah Siswa ML102 - Hitam putih , 43",4.8,(25 rating),Rp129.000,Menampilkan 10 dari 14 ulasan,Terjual 60+,96% pembeli merasa puas,Leedoo,4.8,"(185,1 rb)",Male
"SEPATU BEYOMA AIR GERIGI 4 ORIGINAL Pria Wanita Sneakers Sport Running Shoes Olahraga Free Kotak Box BY028 Outdoor - Putih, 42",4.8,(10 rating),Rp280.000,Menampilkan 10 dari 10 ulasan,Terjual 30+,90% pembeli merasa puas,BEYOMA,4.7,"(3,5 rb)",Male
"Muhsa.co-Swift Stride- Sepatu Lari Running Jogging Sport Olahraga Pria Sneakers Casual Hitam Putih - hitam putih, 39",4.8,(11 rating),Rp325.000,Menampilkan 4 dari 4 ulasan,Terjual 20,100% pembeli merasa puas,Muhsa.Co,4.8,-272,Male
"Sepatu BEYOMA Lari Olahraga Sneakers BY290 Uniseks Nyaman Outdoor Running - SIlver, 39",4.8,(4 rating),Rp300.000,Menampilkan 4 dari 4 ulasan,Terjual 25,100% pembeli merasa puas,BEYOMA,4.7,"(3,5 rb)",Male
"Muhsa.co Swift Stride-Sepatu Olahraga Running Sport Lari Pria Sneakers Casual Abu Hitam - Putih, 39",4.8,(6 rating),Rp325.000,Menampilkan 2 dari 2 ulasan,Terjual 9,100% pembeli merasa puas,Muhsa.Co,4.8,-272,Male
"Leedoo Sepatu Running Pria Sepatu Lari Sneakers Cowok Outdoor Kulit Shoes Hitam Antiselip Sepatu Sekolah Siswa MR718 - Hitam Kuning , 42",4.8,(11 rating),Rp139.000,Menampilkan 9 dari 9 ulasan,Terjual 90+,100% pembeli merasa puas,Leedoo,4.8,"(185,1 rb)",Male
"Aldous Sepatu Pria Wanita Sneakers Running Sekolah Kerja Olahraga - Abu-abu, 39",4.9,(17 rating),Rp250.000,Menampilkan 5 dari 5 ulasan,Terjual 23,94% pembeli merasa puas,Aldous Official Store,4.8,"(1,5 rb)",Male
Athletica - Eclipse Px-6 Navy Green | Sepatu Olahraga Pria Wanita - 40,4.5,(2 rating),Rp450.000,unknown,Terjual 4,100% pembeli merasa puas,Athletica,4.8,"(11,2 rb)",Male
Sepatu Lari Pria Nineten Original Haze Tempo Biru N35781204030623 - 39,4.8,(4 rating),Rp489.000,Menampilkan 2 dari 2 ulasan,Terjual 6,100% pembeli merasa puas,Starting Lane ID,4.9,"(10,4 rb)",Male
"SEPATU SPORT RUNNING SAND GLASS ZB170 BE-YO-MA CL1 - WHITE, 40",4.9,(7 rating),Rp330.000,Menampilkan 7 dari 7 ulasan,Terjual 30+,100% pembeli merasa puas,Susisport_NEW,4.8,"(3,4 rb)",Male
"Bisa Custom Warna Join Live Sneakers Chosamon Zenyxs Original Sepatu Olahraga Lari Running pria Voli Tennis Badminton Senam Fitness Excerxise Running Trainer Gym Training Olahraga Outdoor - CS Zenyxs Abu Oren, 38",4.9,(45 rating),Rp219.900,Menampilkan 10 dari 45 ulasan,Terjual 100+,100% pembeli merasa puas,chosamonofficial,4.8,"(8,7 rb)",Male
"Vanderzu ZX 3 Sepatu Running Anak yang Bikin Lari Makin Cepat & Gaya Makin Keren Outdoor Sport synthetis premium venom black - Hitam Lis Putih, 33",4.9,(96 rating),Rp119.999,Menampilkan 10 dari 66 ulasan,Terjual 250+,97% pembeli merasa puas,Vanderzu,4.8,-964,Male
"Sepatu Sneaker Olahraga Lari Pria Wanita Running Shoes Hitam Lis Gold Vanderzu ZX3 Original Outdoor sepatu jogging sepatu lari - Hitam Lis Gold, 36",4.9,(17 rating),Rp124.999,Menampilkan 10 dari 14 ulasan,Terjual 80+,100% pembeli merasa puas,Vanderzu,4.8,-964,Male
"Sepatu Sneaker Running Olahraga Pria Wanita vanderzu Original FR302 Abu Lis gold - Abu lis Gold, 39",4.9,(11 rating),Rp129.999,unknown,Terjual 30+,100% pembeli merasa puas,Vanderzu,4.8,-964,Male
Sepatu 910 Nineten FUUTO REVENGE - Triple Black (Running) - 39,4.9,(14 rating),Rp472.914,Menampilkan 5 dari 5 ulasan,Terjual 40+,100% pembeli merasa puas,Dorado Sportswear,4.9,"(10,8 rb)",Male
Sepatu 910 Nineten REISHIKA BOLSTER - ABU-ABU/TOSCA/PUTIH (Running) Outdoor - 41,4.9,(39 rating),Rp515.914,Menampilkan 10 dari 25 ulasan,Terjual 60+,100% pembeli merasa puas,Dorado Sportswear,4.9,"(10,8 rb)",Male
Sepatu 910 Nineten HIROSHI - HIJAU-TOSCA/HIJAU-TUA (Running) - 40,4.9,(40 rating),Rp566.910,Menampilkan 10 dari 17 ulasan,Terjual 60+,100% pembeli merasa puas,Dorado Sportswear,4.9,"(10,8 rb)",Male
910 Nineten ULTRA EKIDEN Sepatu Lari - HITAM-IRIS/HIJAUNEON/BIRU-MD - 43,4.9,(28 rating),Rp472.914,Menampilkan 10 dari 12 ulasan,Terjual 40+,100% pembeli merasa puas,Dorado Sportswear,4.9,"(10,8 rb)",Male
Sepatu 910 Nineten Kaza Jetracer - Hitam/Putih (Sepatu Lari Anak) - 36,4.9,(13 rating),Rp472.914,Menampilkan 8 dari 8 ulasan,Terjual 21,100% pembeli merasa puas,Dorado Sportswear,4.9,"(10,8 rb)",Male
Sepatu 910 NINETEN HIROSHI PUTIH/ABU/HITAM (Running) - 37,4.9,(72 rating),Rp566.910,Menampilkan 10 dari 39 ulasan,Terjual 100+,97% pembeli merasa puas,Dorado Sportswear,4.9,"(10,8 rb)",Male
Sepatu 910 NINETEN GEIST EKIDEN HYPERPULSE - HITAM/ABU-TUA (Running) - 39,4.9,(18 rating),Rp584.714,Menampilkan 10 dari 10 ulasan,Terjual 30+,100% pembeli merasa puas,Dorado Sportswear,4.9,"(10,8 rb)",Male
Sepatu 910 Nineten Haze Infiknit 1.0 Teal/Mint/Lime (Running) - 37,4.9,(32 rating),Rp412.714,Menampilkan 10 dari 17 ulasan,Terjual 50+,96% pembeli merasa puas,Dorado Sportswear,4.9,"(10,8 rb)",Male
Sepatu 910 Nineten Haze Infiknit 1.0 Mint/Hijau/Abu (Running) - 38,4.9,(56 rating),Rp412.714,Menampilkan 10 dari 25 ulasan,Terjual 100+,98% pembeli merasa puas,Dorado Sportswear,4.9,"(10,8 rb)",Male
Sepatu 910 Nineten Haze Infiknit 1.0 - Hitam/Abu (Running) - 40,4.9,(48 rating),Rp431.910,Menampilkan 10 dari 29 ulasan,Terjual 100+,95% pembeli merasa puas,Dorado Sportswear,4.9,"(10,8 rb)",Male
Sepatu 910 Nineten YUKA ACE - Hitam/Abu/Jingga (Training) Outdoor Running - 39,4.9,(71 rating),Rp478.413,Menampilkan 10 dari 36 ulasan,Terjual 100+,97% pembeli merasa puas,Dorado Sportswear,4.9,"(10,8 rb)",Male
Sepatu 910 Nineten AURORUN - HITAM/BIRU/UNGU (Running) - 41,4.9,(24 rating),Rp515.914,Menampilkan 10 dari 14 ulasan,Terjual 40+,100% pembeli merasa puas,Dorado Sportswear,4.9,"(10,8 rb)",Male
,,,,Menampilkan 10 dari 20 ulasan,,96% pembeli merasa puas,,,,Male
"Femez Ultra EVO 1.0 Sepatu Lari Running Shoes Big Size Jumbo 43 - 48 Putih Biru / White Blue Olahraga Voly Flipper By Femez Outdoor - Biru Putih, 43",4.9,(29 rating),Rp179.000,Menampilkan 10 dari 13 ulasan,Terjual 80+,96% pembeli merasa puas,FEMEZ OFFICIAL STORE_NEW,4.7,"(1,8 rb)",Male
Flypower Boko 04 Sepatu Running Unisex Full Black | Lari - 38,4.9,(38 rating),Rp270.000,Menampilkan 9 dari 9 ulasan,Terjual 60+,100% pembeli merasa puas,Flypower_NEW,4.9,(3 rb),Male
910 NINETEN SEPATU RUNNING ULTRA EKIDEN - HIJAU AURORA/MERAH/HIJAU TOSCA - 45,4.9,(9 rating),Rp494.910,Menampilkan 5 dari 5 ulasan,Terjual 14,100% pembeli merasa puas,Orion Sport_NEW,4.9,"(5,7 rb)",Male
Sepatu Running Ori 910 - Shinji Cora Hitam - 43,4.9,(15 rating),Rp359.910,Menampilkan 9 dari 9 ulasan,Terjual 28,100% pembeli merasa puas,Orion Sport_NEW,4.9,"(5,7 rb)",Male
Sepatu Running 910 Geist Ekiden BiruDongker/Jingga - 45,4.9,(12 rating),Rp431.910,Menampilkan 3 dari 3 ulasan,Terjual 16,100% pembeli merasa puas,Orion Sport_NEW,4.9,"(5,7 rb)",Male
"Ardiles Metora Blaze Sepatu Lari - Black White - Black Orange, 39",4.7,(15 rating),Rp429.800,Menampilkan 8 dari 8 ulasan,Terjual 1,93% pembeli merasa puas,Ardilesofficial,4.8,"(23,7 rb)",Male
"Ardiles Nfinity Raiton Sepatu Running - Orange Hitam - Orange Hitam, 40",4.7,(3 rating),Rp307.294,Menampilkan 2 dari 2 ulasan,Terjual 18,100% pembeli merasa puas,Ardilesofficial,4.8,"(23,7 rb)",Male
"Ardiles Nfinity Stargaz Sepatu Lari - Rock Ridge - Abu-abu, 40",4.7,(14 rating),Rp449.800,Menampilkan 6 dari 6 ulasan,Terjual 17,92% pembeli merasa puas,Ardilesofficial,4.8,"(23,7 rb)",Male
"Keeping Sepatu Sneakers Pria Ringan Sepatu Olahraga Lari Cowok Anti Slip Sepatu Hangout Cowok Keren Sepatu Jalan Outdoor KSR723 - Hitam, 41",4.8,(29 rating),Rp193.030,unknown,Terjual 100+,96% pembeli merasa puas,Keeping_NEW,4.8,"(15,6 rb)",Male
"Sepatu XternalStepSure - Sepatu Running Estrada Black White Pria Wanita Outdoor Lari - Estrada Black White, 38",4.5,(13 rating),Rp280.000,Menampilkan 10 dari 11 ulasan,Terjual 80+,92% pembeli merasa puas,XTRL STEP SURE_NEW,4.8,"(39,3 rb)",Male
"Keeping Sepatu Pria Putih Sneakers Cowok Keren Sekolah Sports Running Shoes Trendy Terbaru Sepatu Olahraga Kuliah Travelling Sepatu Kerja Outdoor Sport KSR116 - ABU, 39",4.8,(1.388 rating),Rp134.830,Menampilkan 10 dari 613 ulasan,Terjual 10 rb+,95% pembeli merasa puas,Keeping_NEW,4.8,"(15,6 rb)",Male
"PAULMAY - Sepatu Slip On Running Pria Go Walk - Navy - Navy, 41",4.8,(31 rating),Rp194.670,Menampilkan 10 dari 12 ulasan,Terjual 50+,96% pembeli merasa puas,Paulmay,4.8,"(32,4 rb)",Male
"Keeping Sepatu Pria Sneakers Cowok Dewasa Keren Sepatu Kerja Kuliah Travelling Sepatu Olahraga Sekolah Lari Hitam New Running Shoes Outdoor KSR116 - Hijau, 39",4.8,(375 rating),Rp134.830,Menampilkan 10 dari 171 ulasan,Terjual 10 rb+,97% pembeli merasa puas,Keeping_NEW,4.8,"(15,6 rb)",Male
"Keeping Sepatu Running Pria Fleksible Sepatu Pria Sneakers Putih Hitam Polos Cowok Sepatu Kets Olahraga Lari Running Sports Shoes KSC303 - Hitam, 39",4.8,(26 rating),Rp159.000,Menampilkan 10 dari 14 ulasan,Terjual 70+,92% pembeli merasa puas,Keeping_NEW,4.8,"(15,6 rb)",Male
,,,,,,,,,,Male
"XternalStepSure Sepatu Running Estrada Fullblack Pria Wanita Lari Outdoor Original PU Mesh Size 38-44 - Estrada Black White, 38",4.8,(56 rating),Rp280.000,unknown,Terjual 250+,100% pembeli merasa puas,XTRL STEP SURE_NEW,4.8,"(39,3 rb)",Male
"Eagle Sepatu Lari Vibe – Running Shoes Outdoor sepatulari - HIJAU MUDA/HIJAU SAGE, 41",4.8,(234 rating),Rp287.910,Menampilkan 10 dari 120 ulasan,Terjual 750+,96% pembeli merasa puas,Sepatu Eagle Official Store,4.9,"(48,3 rb)",Male
"Eagle Sepatu Lari Run Rider - Running Shoes Outdoor sepatulari - Putih/Merah, 37",4.8,(679 rating),Rp297.507,Menampilkan 10 dari 301 ulasan,Terjual 2 rb+,96% pembeli merasa puas,Sepatu Eagle Official Store,4.9,"(48,3 rb)",Male
"Eagle Sepatu Lari Fury – Running Shoes Outdoor sepatulari - HIJAU/HITAM, 37",4.8,(221 rating),Rp287.910,Menampilkan 10 dari 107 ulasan,Terjual 750+,96% pembeli merasa puas,Sepatu Eagle Official Store,4.9,"(48,3 rb)",Male
"Sepatu Dorks - Running Lightspeed Sepatu Sneakers Running Pria Wanita Outdoor Sepatu Olahraga Lari - WHITE BLACK, 39",4.8,(28 rating),Rp119.000,Menampilkan 10 dari 19 ulasan,Terjual 100+,100% pembeli merasa puas,Dorks_NEW,4.8,(14 rb),Male
"JP-043 [Sepatu DNY] Sepatu Olahraga Pria Terbaru Running Shoes Man - Hitam, 40",4.8,(6 rating),Rp138.000,Menampilkan 6 dari 6 ulasan,Terjual 30+,100% pembeli merasa puas,Sepatu DNY_NEW,4.8,"(11,9 rb)",Male
"Chosamon Predator Original Sepatu Lari Unisex pria dan wanita sampai ukuran besar Big Size Jogging Sprint Maraton Trainer Gym Training Outdoor Running - CS RUN PREDATOR ARMI HIJAU / COKLAT/ LOGO PUTIH, 35",4.8,(25 rating),Rp209.000,Menampilkan 10 dari 25 ulasan,Terjual 70+,96% pembeli merasa puas,chosamonofficial,4.8,"(8,7 rb)",Male
"X-Fourth Hyperion Black White - Sepatu running Olahraga Daily Running Lari Sekolah Pria Wanita Sneakers Kasual Senam Fitness Gym Outdoor longrun pace - HYP BLACK ORANGE, 38",4.5,(105 rating),Rp216.000,Menampilkan 10 dari 70 ulasan,Terjual 250+,91% pembeli merasa puas,xfourth,4.6,"(1,1 rb)",Male
"X-Fourth Hyperion Neon Green - Sepatu running Olahraga Daily Running Lari Sekolah Pria Wanita Sneakers Kasual Senam Fitness Gym Outdoor longrun pace Casual Shoes - HYP NEON GREEN, 38",4.5,(119 rating),Rp216.000,Menampilkan 10 dari 81 ulasan,Terjual 500+,86% pembeli merasa puas,xfourth,4.6,"(1,1 rb)",Male
"X-FOURTH RUNONE Biru Oren - sepatu Casual sporty jogging running pria wanita anak anak kerja hadiah Shoes Sneakers Kasual Olahraga Outdoor trialrun Hitam - Grey Black, 38",4.5,(321 rating),Rp191.400,Menampilkan 10 dari 186 ulasan,Terjual 1 rb+,88% pembeli merasa puas,xfourth,4.6,"(1,1 rb)",Male
"Sepatu Running Pria Wanita Fromzero Signal Black Orange 36-44 Outdoor - HITAM ORENS SOL PUTIH, 36",4.5,(24 rating),Rp160.000,Menampilkan 10 dari 22 ulasan,Terjual 100+,83% pembeli merasa puas,FROMZERO STORE_NEW,4.8,"(4,8 rb)",Male
"Chosamon Predator Original Sepatu Lari Unisex pria dan wanita sampai ukuran besar Big Size Jogging Sprint Maraton Trainer Gym Training Outdoor Running - Predator Hitam Motif Stabillo, 35",4.5,(2 rating),Rp210.000,Menampilkan 2 dari 2 ulasan,Terjual 5,100% pembeli merasa puas,chosamonofficial,4.8,"(8,7 rb)",Male
"Neckermann Sepatu Running Unisex Galaxy 1902 - BLACK, 39",4.5,(2 rating),Rp259.900,Menampilkan 2 dari 2 ulasan,Terjual 18,100% pembeli merasa puas,Neckermann,4.8,"(22,7 rb)",Male
"E Label - Speedgoat Sepatu Running Sepatu Olahraga Outdoor Sepatu Lari Pria Wanita Ringan - Hitam List Putih, 39",4.5,(186 rating),Rp164.999,unknown,Terjual 750+,88% pembeli merasa puas,E Label,4.8,"(16,9 rb)",Male
"Sepatu Prayerkids Running Tren - Black - Unisex - Sepatu keren pria wanita - Garansi 6 Bulan - BLACK, 39",4.5,(2 rating),Rp211.500,Menampilkan 2 dari 2 ulasan,Terjual 17,100% pembeli merasa puas,PRAYER KIDS,4.8,"(41,8 rb)",Male
"Sepatu BEYOMA Lari Olahraga Sneakers BY219 Uniseks Outdoor Running - Hitam , 39",4.5,(2 rating),Rp220.000,Menampilkan 2 dari 2 ulasan,Terjual 15,100% pembeli merasa puas,BEYOMA,4.7,"(3,5 rb)",Male
"Sepatu BEYOMA Lari Olahraga Sneakers BY294 Uniseks Nyaman Outdoor Running - Hijau, 39",4.5,(24 rating),Rp350.000,Menampilkan 10 dari 24 ulasan,Terjual 100+,83% pembeli merasa puas,BEYOMA,4.7,"(3,5 rb)",Male
"Ardiles Starfit Sepatu Lari - Black - Grey - Cloud Cream - Black, 39",4.5,(4 rating),Rp519.800,Menampilkan 1 dari 1 ulasan,Terjual 13,75% pembeli merasa puas,Ardilesofficial,4.8,"(23,7 rb)",Male
BRODO - Running Shoes Active Krakatau Prismarine Navy - 40,4.5,(11 rating),Rp509.000,Menampilkan 9 dari 9 ulasan,Terjual 50+,90% pembeli merasa puas,Brodo Footwear_NEW,4.9,"(168,7 rb)",Male
"Nuevo Crosspeed Hitam/Purpls Sepatu Trail Running Beginner Sneakers Olahraga Lari Pria Outdoor - Hitam Ungu, 39",4.6,(134 rating),Rp158.000,Menampilkan 10 dari 132 ulasan,Terjual 500+,91% pembeli merasa puas,NUEVO Offcl Shop,4.5,"(9,7 rb)",Male
,,,,,,,,,,Male
"Nuevo Wilmax Biru Sepatu Running Pria Olahraga Lari Gym Outdoor Ringan - Biru Tosca/Oren, 39",4.6,(522 rating),Rp162.500,Menampilkan 10 dari 505 ulasan,Terjual 2 rb+,90% pembeli merasa puas,NUEVO Offcl Shop,4.5,"(9,7 rb)",Male
"X-FOURTH RUNONE FULLBLACK - sepatu Casual sporty jogging running pria wanita anak anak kerja hadiah Shoes Sneakers Kasual Olahraga Outdoor Trialrun - Grey Black, 38",4.6,(73 rating),Rp191.400,Menampilkan 10 dari 56 ulasan,Terjual 250+,90% pembeli merasa puas,xfourth,4.6,"(1,1 rb)",Male
Sepatu Running Ori 910 - Osaka Arch Fix Abu Tua/Hitam/Putih Gading - 41,4.6,(7 rating),Rp269.100,Menampilkan 4 dari 4 ulasan,Terjual 14,85% pembeli merasa puas,Orion Sport_NEW,4.9,"(5,7 rb)",Male
910 Nineten FUUTO REVENGE Sepatu Lari - PUTIH/ABU-MUDA/TURQUOISE - 41,4.6,(11 rating),Rp472.914,Menampilkan 3 dari 3 ulasan,Terjual 18,90% pembeli merasa puas,Dorado Sportswear,4.9,"(10,8 rb)",Male
,,,,,,,,,,Male
"Sepatu Lari Pria Nuevo Velocity Hitam Gold Olahraga Running Lari Santai - Hitam Gold, 39",4.5,(936 rating),Rp161.650,Menampilkan 10 dari 933 ulasan,Terjual 4 rb+,89% pembeli merasa puas,NUEVO Offcl Shop,4.5,"(9,7 rb)",Male
"Nuevo Crosspeed Putih/Biru Sepatu Olahraga Lari Pria Outdoor Sport Men Running Shoes - Putih Biru merah, 39",4.5,(78 rating),Rp158.000,Menampilkan 10 dari 77 ulasan,Terjual 250+,87% pembeli merasa puas,NUEVO Offcl Shop,4.5,"(9,7 rb)",Male
"SPECS SEPATU RUNNING NYX SKULL WHITE POINSETTIA PEAT BLACK SPE1040051 - SKULL WHITE, 45",4.4,(10 rating),Rp494.820,Menampilkan 8 dari 8 ulasan,Terjual 27,90% pembeli merasa puas,Specs Indonesia,4.9,"(14,4 rb)",Male
,,,,,,,,,,Male
"NEVIS Cross - Sepatu Jumbo Big Size 39-49 Sepatu Sneakers Sport Running Olahraga Lari Casual Shoes Pria Wanita Kasual Kerja Black - CROSS - HITAM PUTIH, 39",4.4,(15 rating),Rp104.900,Menampilkan 10 dari 12 ulasan,Terjual 80+,73% pembeli merasa puas,NEVIS Official Shop,4.7,"(21,6 rb)",Male
"Sepatu BEYOMA Lari Olahraga Sneakers BY241 Uniseks Outdoor Running - Merah, 39",4.4,(13 rating),Rp280.000,Menampilkan 10 dari 13 ulasan,Terjual 40+,84% pembeli merasa puas,BEYOMA,4.7,"(3,5 rb)",Male
"RJT Street Runner Sepatu Sneaker Pria casual shoes - Sneakers Running Hitam/putih dan Abu Kasual Sport sepatu running Olahraga - Putih, 40",4.4,(289 rating),Rp102.659,unknown,Terjual 1 rb+,85% pembeli merasa puas,RJT Store,4.7,"(8,8 rb)",Male
Athletica Official Shop - Rectus All Black | Sepatu Running - 43,4.3,(17 rating),Rp350.000,Menampilkan 8 dari 8 ulasan,Terjual 27,82% pembeli merasa puas,Athletica,4.8,"(11,2 rb)",Male
"SEPATU SPORT FASHION RUNNING VENUS ZB158 BE-YO-MA CN 1 - WHITE-TOSCA, 43",4.4,(19 rating),Rp300.000,Menampilkan 10 dari 19 ulasan,Terjual 60+,84% pembeli merasa puas,Susisport_NEW,4.8,"(3,4 rb)",Male
"Sepatu Sneakers Pria Running Hitam Guzze Stark Full Black Casual - Hitam, 39",4.4,(7 rating),Rp185.500,Menampilkan 7 dari 7 ulasan,Terjual 29,85% pembeli merasa puas,Guzze,4.8,-342,Male
"Onarstreet - Sport Olahraga Running Badminton Sepatu Outdoor Sepatu Badminton Size 39-43 Sepatu Olahraga Voli tenis Bulutangkis - JF01, 39",4.4,(21 rating),Rp120.000,Menampilkan 10 dari 20 ulasan,Terjual 80+,80% pembeli merasa puas,Onar Street,4.5,-916,Male
910 NINETEN SEPATU RUNNING ULTRA EKIDEN 1.0 PUTIH/BIRU MUDA - 37,4.4,(7 rating),Rp521.910,Menampilkan 3 dari 3 ulasan,Terjual 12,85% pembeli merasa puas,Orion Sport_NEW,4.9,"(5,7 rb)",Male
"Oxwell Hydrolicus - Sepatu Sneakers Olahraga Lari Running Pria dan Wanita Dewasa Putih Hijau Outdoor - PUTIH HIJAU, 39",4.3,(3 rating),Rp180.000,Menampilkan 1 dari 1 ulasan,Terjual 10,66% pembeli merasa puas,Oxwell,4.9,-695,Male
"Redmon Hyper 1 Biru Sepatu Olahraga Running Lari Gym Sports Pria Wanita - Hitam Abu, 38",4.3,(6 rating),Rp139.000,Menampilkan 4 dari 4 ulasan,Terjual 8,83% pembeli merasa puas,Redmon_NEW,4.6,"(2,1 rb)",Male
"SEPATU ORYGINAL BRAND SEPATU OLAHARAGA LARI PRIA ORYGINAL DENGAN DESAIN SPORTY Outdoor Running - PUTIH STABILO, 39",4.3,(4 rating),Rp279.900,Menampilkan 3 dari 3 ulasan,Terjual 18,75% pembeli merasa puas,onetixs.id,4.8,-46,Male
DORKS - Running Fast Army | Sepatu Running | Sneakers - 37,4.3,(7 rating),Rp135.000,Menampilkan 6 dari 6 ulasan,Terjual 13,85% pembeli merasa puas,Dorks_NEW,4.8,(14 rb),Male
"Sepatu Running Pria Sidsneaks Morphlite Black Grey Outdoor - Fully Knitted Upper, Extremely Breatheable Upper, Soft Foam Liner - 39",4.3,(3 rating),Rp349.000,unknown,Terjual 11,66% pembeli merasa puas,sidsneaks,5.1,-8,Male
"Sepatu Pria Joging Gym Import Ringan H02 Premium Quality Sneakers Pria Outdoor Running Jogging - PUTIH ABU, 39",4.3,(55 rating),Rp145.000,unknown,Terjual 100+,81% pembeli merasa puas,Joemen_leather,4.7,(9 rb),Male
"NUEVO Velocity White Silver | Sepatu Sneakers Pria | Sepatu Running - Putih Silver, 39",4.3,(39 rating),Rp161.650,Menampilkan 10 dari 19 ulasan,Terjual 100+,79% pembeli merasa puas,NUEVO Offcl Shop,4.5,"(9,7 rb)",Male
"Mills Sepatu Lari Running Shoes Treximo Hydra M2 White / Grey / DK. Grey 9103503 - White/Grey/DKGrey, 41",4.2,(5 rating),Rp391.200,Menampilkan 2 dari 2 ulasan,Terjual 11,80% pembeli merasa puas,MILLS OFFICIAL,4.9,"(76,3 rb)",Male
"Mills Sepatu Lari Running Shoes Treximo Hydra M2 White / Grey / DK. Grey 9103503 - White/Grey/DKGrey, 41",4.2,(5 rating),Rp391.200,Menampilkan 2 dari 2 ulasan,Terjual 11,80% pembeli merasa puas,MILLS OFFICIAL,4.9,"(76,3 rb)",Male
Concave Running - Volker Run - Ice Blue / Navy / White - 44,4.2,(5 rating),Rp499.500,Menampilkan 3 dari 3 ulasan,Terjual 15,80% pembeli merasa puas,Concave Indonesia_NEW,4.9,(1 rb),Male
"Sepatu BEYOMA Lari Olahraga Sneakers BY234 Uniseks Nyaman Outdoor Running - Orange, 40",4.2,(5 rating),Rp270.000,unknown,Terjual 16,80% pembeli merasa puas,BEYOMA,4.7,"(3,5 rb)",Male
"SEPATU BEYOMA DARKZERO XTRA Original Pria Wanita Sneakers Sport Running Shoes Olahraga Free Kotak Box BY065 Outdoor - Hitam, 39",4.2,(5 rating),Rp308.000,unknown,Terjual 19,60% pembeli merasa puas,BEYOMA,4.7,"(3,5 rb)",Male
"Sepatu Swiftway Hybride Original Running Pria Dan Wanita - Putih, 39",4.2,(22 rating),Rp115.000,Menampilkan 10 dari 22 ulasan,Terjual 80+,72% pembeli merasa puas,SWIFTWAY,4.5,-174,Male
Sepatu Running 910 - GEIST EKIDEN 1.0 Hitam/Merah muda/Abu Abu - 43,4.2,(6 rating),Rp431.910,Menampilkan 5 dari 5 ulasan,Terjual 6,83% pembeli merasa puas,Orion Sport_NEW,4.9,"(5,7 rb)",Male
"NUEVO Velocity White Blue Sepatu Running Pria - Putih Full, 39",4.1,(17 rating),Rp161.650,Menampilkan 8 dari 8 ulasan,Terjual 40+,70% pembeli merasa puas,NUEVO Offcl Shop,4.5,"(9,7 rb)",Male
"Techdoo Sepatu Lari Pria Running Casual Shoes Men Anti Slip Sepatu Fashion Pria MR184 - Hitam, 39",4,(1 rating),Rp119.000,Menampilkan 1 dari 1 ulasan,Terjual 1,100% pembeli merasa puas,Techdoo,4.7,"(112,4 rb)",Male
HYOUGEN Rafale Wind Sage Sepatu Running Size 38-44 - 39,4,(1 rating),Rp289.000,Menampilkan 1 dari 1 ulasan,Terjual 12,100% pembeli merasa puas,Hyougen,4.7,"(1,6 rb)",Male
"Jackson Active Nero 1MT - Sepatu Sporty - Navy, 39",4,(1 rating),Rp599.000,Menampilkan 1 dari 1 ulasan,Terjual 2,100% pembeli merasa puas,Jackson Shoes_NEW,4.9,"(5,6 rb)",Male
"CORVALUE FOOTWEAR - Hokkaido C Black White | Sepatu Pria | Shoes Sneakers Pria - Hokkaido C B.W, 38",4,(1 rating),Rp490.000,Menampilkan 1 dari 1 ulasan,Terjual 1,100% pembeli merasa puas,CorvalueFootwear,4.8,"(36,3 rb)",Male
CALCI Sepatu Lari / Running Shoes Audacity Blast - Black/White - 36,4,(4 rating),Rp349.800,Menampilkan 3 dari 3 ulasan,Terjual 10,75% pembeli merasa puas,Calci Indonesia,4.9,"(7,3 rb)",Male
New ! Sepatu Lari / Running Eagle Shoes Monaco Putih Biru - 44,4,(1 rating),Rp231.000,unknown,Terjual 1,100% pembeli merasa puas,PROCHAMPION,4.9,"(168,3 rb)",Male
Sepatu Lari Adidas Galaxy 7 Black White Original Id8760 - 10~(44 2/3),4,(2 rating),Rp599.000,Menampilkan 2 dari 2 ulasan,Terjual 4,50% pembeli merasa puas,Starting Lane ID,4.9,"(10,4 rb)",Male
"Oldiac Uniqeve - Sepatu Lari Pria Dewasa Running Sport Olahraga - UNIQEVE White Grey, 38",4,(3 rating),Rp189.800,Menampilkan 3 dari 3 ulasan,Terjual 8,66% pembeli merasa puas,Oldiac Original,4.7,-23,Male
"XPREME - SEPATU OLAH RAGA RUNNING XPREME SPEED X BLACK WHITE - SEPATU SPORT PRIA WANITA RINGAN DAN NYAMAN DI PAKAI 36-44 Outdoor - Hitam tosca, 36",3.8,(4 rating),Rp164.000,Menampilkan 2 dari 2 ulasan,Terjual 2 rb+,75% pembeli merasa puas,XPREME,4.7,"(1,5 rb)",Male
Precise T-Lite Run JG M1 Sepatu Olahraga Lari Pria - Red/Black - 42,3.7,(3 rating),Rp291.445,Menampilkan 2 dari 2 ulasan,Terjual 5,66% pembeli merasa puas,Precise,4.9,"(3,4 rb)",Male
"MUHSA.CO-Shoes o-Swift Stride- Sepatu Lari Running Jogging Sport Olahraga Pria Sneakers Casual Hitam Putih Kasual Snekers Kerja Black sepatu jogging - hitam putih, 39",3.8,(5 rating),Rp208.000,Menampilkan 5 dari 5 ulasan,Terjual 14,80% pembeli merasa puas,Muhsa.Co,4.8,-272,Male
"Sepatu Sneaker Olahraga Lari Vanderzu FR302 Maroon Original untuk Pria dan Wanita Ruuning Shoes Running Outdoor - Maroon, 39",3.7,(3 rating),Rp129.999,Menampilkan 3 dari 3 ulasan,Terjual 11,66% pembeli merasa puas,lion.id,4.8,-223,Male
Sepatu Training Pria PUMA ALL-DAY ACTIVE 38626914 ORIGINAL - 44,unknown,unknown,Rp494.450,unknown,unknown,unknown,HOOPS DEPT,4.9,"(3,4 rb)",Male
,unknown,unknown,,unknown,unknown,unknown,,,,Male
"Sepatu Lari 910 Nineten Fuuto Revenge - Tripple Black, 37",unknown,unknown,Rp549.900,unknown,2 barang berhasil terjual,unknown,Kayak Outdoor,4.9,"(17,6 rb)",Male
"Sepatu Lari 910 Nineten Ekiden Hyperion - Hitam/Orange, 38",unknown,unknown,Rp549.900,unknown,1 barang berhasil terjual,unknown,Kayak Outdoor,4.9,"(17,6 rb)",Male
"Sepatu Lari 910 Nineten Geist Ekiden Glide - Hitam/Biru Navy, 41",unknown,unknown,Rp579.900,unknown,2 barang berhasil terjual,unknown,Kayak Outdoor,4.9,"(17,6 rb)",Male
"Sepatu Lari 910 Nineten Haze 2.0 - HItam/Hijau, 37",unknown,unknown,Rp499.900,unknown,2 barang berhasil terjual,unknown,Kayak Outdoor,4.9,"(17,6 rb)",Male
"NUEVO Velocity White Blue Sepatu Running Pria - Putih Full, 39",4.1,(17 rating),Rp161.650,Menampilkan 8 dari 8 ulasan,Terjual 40+,70% pembeli merasa puas,NUEVO Offcl Shop,4.5,"(9,7 rb)",Male
"Sepatu BEYOMA Lari Olahraga Sneakers BY224 Uniseks Outdoor Running - Hitam Putih, 39",4,(2 rating),Rp240.000,Menampilkan 2 dari 2 ulasan,Terjual 6,50% pembeli merasa puas,BEYOMA,4.7,"(3,5 rb)",Male
"Sepatu BEYOMA Lari Olahraga Sneakers BY223 Uniseks Outdoor Running - Navy, 39",4,(2 rating),Rp250.000,Menampilkan 2 dari 2 ulasan,Terjual 2,50% pembeli merasa puas,BEYOMA,4.7,"(3,5 rb)",Male
"Sepatu BEYOMA Lari Olahraga Sneakers BY243 Uniseks Outdoor Running - Cream, 43",4,(2 rating),Rp240.000,Menampilkan 2 dari 2 ulasan,Terjual 9,50% pembeli merasa puas,BEYOMA,4.7,"(3,5 rb)",Male
"SEPATU BEYOMA MAX TABUNG ORIGINAL Pria Wanita Sneakers Sport Running Shoes Olahraga Free Kotak Box BY034 Outdoor - Abu Abu, 39",4,(1 rating),Rp290.000,Menampilkan 1 dari 1 ulasan,Terjual 1,100% pembeli merasa puas,BEYOMA,4.7,"(3,5 rb)",Male
"Jackson Active Kiro 1UT - Sepatu Sporty - Full Black, 36",unknown,unknown,Rp599.000,unknown,1 barang berhasil terjual,unknown,Jackson Shoes_NEW,4.9,"(5,6 rb)",Male
"Jackson Active Luki 1BL7 - Sepatu Sporty - Black, 39",unknown,unknown,Rp609.000,unknown,unknown,unknown,Jackson Shoes_NEW,4.9,"(5,6 rb)",Male
Jackson Active Boomer 1 Pink - 36,unknown,unknown,Rp379.000,unknown,1 barang berhasil terjual,unknown,Jackson Shoes_NEW,4.9,"(5,6 rb)",Male
Jackson Active Pulsar 1 Black - 39,unknown,unknown,Rp309.000,unknown,1 barang berhasil terjual,unknown,Jackson Shoes_NEW,4.9,"(5,6 rb)",Male
Jackson Active Strada 1 Black Pink - 35,unknown,unknown,Rp379.000,unknown,unknown,unknown,Jackson Shoes_NEW,4.9,"(5,6 rb)",Male
"Sepatu Kasogi Pria Olahraga Jogging Dewasa Jeju - Hitam, 39",unknown,unknown,Rp509.900,unknown,unknown,unknown,Kasogi Shoes,4.9,"(4,8 rb)",Male
"Sepatu Kasogi Bondi Sneaker Jogging Olahraga Dewasa Pria Unisex Bondi - hitam, 38",unknown,unknown,Rp494.900,unknown,unknown,unknown,Kasogi Shoes,4.9,"(4,8 rb)",Male
"MJC Indonesia Sepatu Pria Olahraga Outdor Luar Sepatu Basket Lari Sepatu Olahraga Uniseks Putih Terbaru 39-43 Outdoor Running - White, 39",unknown,unknown,Rp139.900,unknown,4 barang berhasil terjual,unknown,MJC INDONESIA,4.8,"(35,8 rb)",Male
"Decathlon KALENJI Sepatu Lari Pria Be Dry Abu-abu - 8803394 - 40, Standar",unknown,unknown,Rp398.000,unknown,unknown,unknown,decathlon indonesia,4.9,"(249,9 rb)",Male
"Sepatu Kasogi Dewasa Yosen Pria Unisex Olahraga Jogging Casual Sneakers Yosen - hitam, 38",unknown,unknown,Rp474.900,unknown,unknown,unknown,Kasogi Shoes,4.9,"(4,8 rb)",Male
Hyougen Enka Knit Abu Merah Sepatu Running Size 39-44 Sepatu Lari - 40,unknown,unknown,Rp269.000,unknown,1 barang berhasil terjual,unknown,Hyougen,4.7,"(1,6 rb)",Male
"Donatello C3559300 Running Shoes Pria - BLK/CRM/ORG, 40",unknown,unknown,Rp535.000,unknown,unknown,unknown,DonatelloShoes,5,"(2,1 rb)",Male
"Desle Shoes Sneakers Running Birmingham Biru Tua Oranye - Biru Tua Oranye, 39",unknown,unknown,Rp418.800,unknown,unknown,unknown,Desle Shoes,4.9,-551,Male
Sepatu Lari Pria NEW BALANCE 480 V6 M480XB6 ORIGINAL - 40.5,unknown,unknown,Rp539.400,unknown,unknown,unknown,SNEAKERS DEPT,4.9,"(184,4 rb)",Male
,,,,,,,,,,Male
"DESLE Sepatu Trail Running FORTE - BIRU/ORANGE, 38",unknown,unknown,Rp439.800,unknown,unknown,unknown,Desle Shoes,4.9,-551,Male
,unknown,unknown,,unknown,,unknown,,,,Male
"SPECS SEPATU RUNNING ATMOZPHYR BLACK/REGATTA SPE1040086 - BLACK, 37",unknown,unknown,Rp549.800,unknown,6 barang berhasil terjual,unknown,Specs Indonesia,4.9,"(14,4 rb)",Male
GIO CARDIN - Running Shoes GIO 200 Black White - 39,unknown,unknown,Rp469.000,unknown,unknown,unknown,Gio Cardin,4.9,"(3,9 rb)",Male
GIO CARDIN - Running Shoes GIO 200 Triple Black - 41,unknown,unknown,Rp469.000,unknown,unknown,unknown,Gio Cardin,4.9,"(3,9 rb)",Male
Sepatu Lari Unisex ADIDAS RUNFALCON 5 IH7757 ORIGINAL - 44,unknown,unknown,Rp595.000,unknown,3 barang berhasil terjual,unknown,SNEAKERS DEPT,4.9,"(184,4 rb)",Male
"DESLE Sepatu Trail Running ASTRO - BRTUA/BRTOSCA, 38",unknown,unknown,Rp429.800,unknown,1 barang berhasil terjual,unknown,Desle Shoes,4.9,-551,Male
"Donatello C3562800 Running Shoes Pria - TAN, 40",unknown,unknown,Rp528.000,unknown,unknown,unknown,DonatelloShoes,5,"(2,1 rb)",Male
"SPECS SEPATU RUNNING RADIANT LIGHT GRAY/AQUA PRISTINE SPE1040113 - LIGHT GRAY, 37",unknown,unknown,Rp599.800,unknown,10 barang berhasil terjual,unknown,Specs Indonesia,4.9,"(14,4 rb)",Male
Jackson Active Trail 1 Black Pink - 36,unknown,unknown,Rp379.000,unknown,unknown,unknown,Jackson Shoes_NEW,4.9,"(5,6 rb)",Male
Jackson Active Strada 2 Navy - 35,unknown,unknown,Rp379.000,unknown,unknown,unknown,Jackson Shoes_NEW,4.9,"(5,6 rb)",Male
Jackson Active Strada 2 Purple - 35,unknown,unknown,Rp379.000,unknown,1 barang berhasil terjual,unknown,Jackson Shoes_NEW,4.9,"(5,6 rb)",Male
Jackson Active Wilder 1 Black - 36,unknown,unknown,Rp309.000,unknown,1 barang berhasil terjual,unknown,Jackson Shoes_NEW,4.9,"(5,6 rb)",Male
Jackson Active Pacer 1 Black Purple - 39,unknown,unknown,Rp379.000,unknown,2 barang berhasil terjual,unknown,Jackson Shoes_NEW,4.9,"(5,6 rb)",Male
"FED Sepatu Running Sporty Sneakers Olahraga Lari Rushline Sport Shoes Black - Black Shadow, 39",5,(2 rating),Rp145.965,Menampilkan 2 dari 2 ulasan,Terjual 8,100% pembeli merasa puas,Fashion Everyday Store,4.8,"(33,1 rb)",Male
"[PROMO] Whoppy Lite Tracker SL56 Sepatu Cowok Running Trekking Hitam Casual Karet Shoes Pria Sneakers - HITAM, 39",4.8,(146 rating),Rp140.000,unknown,Terjual 250+,96% pembeli merasa puas,PARC 7 Shoes,4.8,"(11,8 rb)",Male
"Desle Running Shoes SONICX - Putih/Orange, 38",4.8,(4 rating),Rp459.800,Menampilkan 3 dari 3 ulasan,Terjual 8,100% pembeli merasa puas,Desle Shoes,4.9,-551,Male
"Athletica - Eclipse PX-6 White Black Sepatu Olahraga Pria Wanita Unisex Shoes Sneakers Sport Running Outdoor - Eclipse Px-6 Navy Green, 40",4.9,(44 rating),Rp450.000,Menampilkan 10 dari 37 ulasan,Terjual 100+,100% pembeli merasa puas,Geoff Max_NEW,4.9,"(153,4 rb)",Male
Geoff Max - Robin Racer Antique White | Sepatu Olahraga Pria Wanita Unisex Sport Shoes Running Sneakers Casual - 40,4.9,(24 rating),Rp419.000,Menampilkan 10 dari 23 ulasan,Terjual 80+,100% pembeli merasa puas,Geoff Max_NEW,4.9,"(153,4 rb)",Male
,,,,Menampilkan 10 dari 54 ulasan,,,,,,Male
Geoff Max - Robin Racer Pearl White | Sepatu Olahraga Pria Wanita Unisex Sport Shoes Running Sneakers Casual - 40,4.9,(19 rating),Rp419.000,Menampilkan 10 dari 15 ulasan,Terjual 70+,100% pembeli merasa puas,Geoff Max_NEW,4.9,"(153,4 rb)",Male
"CORVALUE FOOTWEAR - Oddate | Sepatu Pria wanita | Shoes Sneakers Pria wanita Outdoor Casual Sport Running Kasual Black Putih Hitam - Oddate Full Black, 36",4.8,(2.852 rating),Rp185.000,Menampilkan 10 dari 2158 ulasan,Terjual 10 rb+,97% pembeli merasa puas,CorvalueFootwear,4.8,"(36,3 rb)",Male
"Larocking - PROMO [BELI 2 SEPATU HANYA BAYAR 1 SEPATU / BUY 1 GET 1] | Sepatu Running Gym Shoes Abu Outdoor Olahraga - Titan Hitam Abu, 37",4.8,(326 rating),Rp140.000,Menampilkan 10 dari 141 ulasan,Terjual 1 rb+,96% pembeli merasa puas,Larocking,4.8,"(107,7 rb)",Male
"Sneakers Chosamon PEGASUS Original Sepatu Sport Fashion Pria Wanita Trainer Running Jogging Skateboard Hangout Training Gym Olahraga Casual Shoes Unisex - CS Pegasus Putih, 36",5,(1 rating),Rp225.000,Menampilkan 1 dari 1 ulasan,Terjual 2,100% pembeli merasa puas,chosamonofficial,4.8,"(8,7 rb)",Male
"Keeping Sepatu Pria Hitam Sepatu Sneakers Cowok Terbaru 2025 Hangout Casual Running Shoes Sepatu Sport Keren KSR736 - Hitam, 39",4.9,(8 rating),Rp163.930,Menampilkan 6 dari 6 ulasan,Terjual 50+,100% pembeli merasa puas,Keeping_NEW,4.8,"(15,6 rb)",Male
"Keeping Sepatu Sneakers Pira Sepatu Olahraga Cowok Sports Running Shoes Sepatu Kets Anti Slip KSR713 - Putih Biru, 41",4.9,(7 rating),Rp125.130,Menampilkan 7 dari 7 ulasan,Terjual 30+,100% pembeli merasa puas,Keeping_NEW,4.8,"(15,6 rb)",Male
"Keeping Sepatu Olahraga Pria Trendy New Sepatu Sekolah Kuliah Travelling Sepatu Jogging Sport Shoes Running Outdoor KSR716 - abu, 39",4.9,(7 rating),Rp149.000,Menampilkan 4 dari 4 ulasan,Terjual 30+,100% pembeli merasa puas,Keeping_NEW,4.8,"(15,6 rb)",Male
unknown,unknown,unknown,unknown,unknown,unknown,unknown,unknown,unknown,unknown,Male
"Sepatu Olahraga Pria SIDSNEAKS Morph Lite Navy Orange - Fully Knitted Upper, Extremely Breatheable Upper, Soft Foam Liner, Phylon Rubber Outsole - Outdoor, Running Running Outdoor Casual Shoes Sneakers - 39",5,(1 rating),Rp349.000,Menampilkan 1 dari 1 ulasan,Terjual 11,100% pembeli merasa puas,sidsneaks,5.1,-8,Male
,,,,,,98% pembeli merasa puas,,,,Male
"SEPATU BEYOMA AIR GERIGI 2 ORIGINAL Pria Wanita Sneakers Sport Running Shoes Olahraga Free Kotak Box BY026 Outdoor - Hitam, 39",4.8,(39 rating),Rp280.000,Menampilkan 10 dari 39 ulasan,Terjual 100+,97% pembeli merasa puas,BEYOMA,4.7,"(3,5 rb)",Male
"Leedoo Sepatu Ringan Pria Sneakers Cowok Sepatu Lari Shoes Running Olahraga Kekinian Antislip Sepatu Sekolah Siswa ML102 - Hitam putih , 43",4.8,(25 rating),Rp129.000,Menampilkan 10 dari 14 ulasan,Terjual 60+,96% pembeli merasa puas,Leedoo,4.8,"(185,1 rb)",Male
"SEPATU BEYOMA 720 MAX TABUNG Original Pria Wanita Sneakers Sport Running Shoes Olahraga Free Kotak Box BY061 Outdoor - Putih, 40",4.8,(5 rating),Rp308.000,unknown,Terjual 19,100% pembeli merasa puas,BEYOMA,4.7,"(3,5 rb)",Male
"Leedoo Sepatu Running Pria Sepatu Lari Sneakers Cowok Outdoor Kulit Shoes Hitam Antiselip Sepatu Sekolah Siswa MR718 - Hitam Kuning , 42",4.8,(11 rating),Rp139.000,unknown,Terjual 90+,100% pembeli merasa puas,Leedoo,4.8,"(185,1 rb)",Male
"SEPATU BEYOMA PERFECT VIR ORIGINAL Pria Wanita Sneakers Sport Running Shoes Olahraga Free Kotak Box BY047 Outdoor - Navy, 43",4.8,(8 rating),Rp250.000,unknown,Terjual 14,87% pembeli merasa puas,BEYOMA,4.7,"(3,5 rb)",Male
"SEPATU BEYOMA 1980 ORIGINAL Pria Wanita Sneakers Sport Running Shoes Olahraga Free Kotak Box BY043 Outdoor - Hitam, 39",4.8,(4 rating),Rp240.000,unknown,Terjual 10,100% pembeli merasa puas,BEYOMA,4.7,"(3,5 rb)",Male
"SEPATU BEYOMA AIR GERIGI 4 ORIGINAL Pria Wanita Sneakers Sport Running Shoes Olahraga Free Kotak Box BY028 Outdoor - Putih, 42",4.8,(10 rating),Rp280.000,Menampilkan 10 dari 10 ulasan,Terjual 30+,90% pembeli merasa puas,BEYOMA,4.7,"(3,5 rb)",Male
"Sepatu Olahraga Running Sport Lari Pria Sneakers Casual Abu Hitam MUHSA.CO Swift Stride - Outdoor sepatu jogging Shoes - abu, 39",4.8,(6 rating),Rp208.000,Menampilkan 6 dari 6 ulasan,Terjual 20,100% pembeli merasa puas,Muhsa.Co,4.8,-272,Male
"Eagle Sepatu Lari Over Drive – Running Shoes sepatulari - ABU TUA/MERAH, 37",4.9,(284 rating),Rp295.920,Menampilkan 10 dari 162 ulasan,Terjual 1 rb+,97% pembeli merasa puas,Sepatu Eagle Official Store,4.9,"(48,3 rb)",Male
"Eagle Sepatu Lari Shadowrun - Running Shoes sepatulari - ORANYE/BIRU MUDA, 38",4.9,(164 rating),Rp375.920,Menampilkan 10 dari 108 ulasan,Terjual 250+,99% pembeli merasa puas,Sepatu Eagle Official Store,4.9,"(48,3 rb)",Male
"Eagle Sepatu Running Nomad - Running Shoes sepatulari - MERAH/ABU TUA, 37",4.9,(915 rating),Rp287.910,Menampilkan 10 dari 399 ulasan,Terjual 3 rb+,98% pembeli merasa puas,Sepatu Eagle Official Store,4.9,"(48,3 rb)",Male
"X-Fourth ForMax Grey White - Sepatu Trainer Olahraga Daily Running Lari Sekolah Pria Wanita Sneakers Kasual Senam Fitness Gym Outdoor Casual Shoes - FM Monoblack, 38",5,(4 rating),Rp191.200,Menampilkan 3 dari 3 ulasan,Terjual 25,100% pembeli merasa puas,xfourth,4.6,"(1,1 rb)",Male
"Sepatu Vanderzu FR302 Navy Lis Putih Sneaker Olahraga Lari Pria Wanita Running Shoes Outdoor - Navy Orange, 39",5,(7 rating),Rp129.999,Menampilkan 7 dari 7 ulasan,Terjual 10,100% pembeli merasa puas,lion.id,4.8,-223,Male
Sepatu Sneakers Olahraga Pria Morph Lite Full White SIDSNEAKS Casual Running - Shoes untuk Olahraga Outdoor - 44,5,(1 rating),Rp349.000,unknown,Terjual 4,100% pembeli merasa puas,sidsneaks,5.1,-8,Male
"Sepatu Olahraga Pria SIDSNEAKS Morph Lite Navy Orange - Fully Knitted Upper, Extremely Breatheable Upper, Soft Foam Liner, Phylon Rubber Outsole - Outdoor, Running Running Outdoor Casual Shoes Sneakers - 39",5,(1 rating),Rp349.000,Menampilkan 1 dari 1 ulasan,Terjual 11,100% pembeli merasa puas,sidsneaks,5.1,-8,Male
"Femez Ultra EVO 1.0 Sepatu Lari Running Shoes Big Size Jumbo Putih Emas / White Gold Olahraga Voly Flipper By Femez Outdoor - Putih Emas, 43",4.9,(29 rating),Rp179.000,Menampilkan 10 dari 20 ulasan,Terjual 60+,96% pembeli merasa puas,FEMEZ OFFICIAL STORE_NEW,4.7,"(1,8 rb)",Male
"Femez Ultra EVO 1.0 Sepatu Lari Running Shoes Big Size Jumbo 43 - 48 Putih Biru / White Blue Olahraga Voly Flipper By Femez Outdoor - Biru Putih, 43",4.9,(29 rating),Rp179.000,Menampilkan 10 dari 13 ulasan,Terjual 80+,96% pembeli merasa puas,FEMEZ OFFICIAL STORE_NEW,4.7,"(1,8 rb)",Male
"Larocking - Arkas Putih Cream - Sepatu Sneakers Casual Running Gym Jogging Sport Outdoor Olahraga Running Shoes - Putih Cream, 39",4.8,(44 rating),Rp105.708,Menampilkan 10 dari 26 ulasan,Terjual 100+,93% pembeli merasa puas,Larocking,4.8,"(107,7 rb)",Male
"Eagle Sepatu Lari Eterna - Running Shoes - ABU-ABU/CITRUN, 44",4.8,(76 rating),Rp313.405,unknown,Terjual 250+,94% pembeli merasa puas,Sepatu Eagle Official Store,4.9,"(48,3 rb)",Male
"POWER - PRIMETIME INSPO ""Cushion+"" Sepatu Sneakers Olahrga Wanita - Running Sport Shoes - Black (Lilac Tab), 36",4.8,(14 rating),Rp309.999,Menampilkan 10 dari 11 ulasan,Terjual 50+,100% pembeli merasa puas,Bata Indonesia,4.8,"(108,8 rb)",Male
"SEPATU BEYOMA 200MX Original Pria Wanita Sneakers Sport Running Shoes Olahraga Free Kotak Box BY051 Outdoor - Hitam, 39",4.7,(314 rating),Rp328.000,unknown,Terjual 1 rb+,94% pembeli merasa puas,BEYOMA,4.7,"(3,5 rb)",Male
"SEPATU BEYOMA 33Y ORIGINAL Pria Wanita Sneakers Sport Running Shoes Olahraga Free Kotak Box BY042 Outdoor - Putih, 39",4.7,(3 rating),Rp250.000,unknown,Terjual 9,100% pembeli merasa puas,BEYOMA,4.7,"(3,5 rb)",Male
"Marelow Nole - Sepatu Sneakers Casual Unisex Wanita Pria shoes Kerja Outdoor Running Sport - SilverBlack, 36",4.6,(62 rating),Rp146.150,Menampilkan 10 dari 49 ulasan,Terjual 250+,91% pembeli merasa puas,Marelow,4.8,"(23,2 rb)",Male
"SEPATU BEYOMA NEW SPORT ORIGINAL Pria Wanita Sneakers Sport Running Shoes Olahraga Free Kotak Box BY038 Outdoor - Putih, 39",4.7,(6 rating),Rp280.000,Menampilkan 6 dari 6 ulasan,Terjual 9,83% pembeli merasa puas,BEYOMA,4.7,"(3,5 rb)",Male
"X-Fourth ForMax Black White - Sepatu Trainer Olahraga Daily Running Lari Sekolah Pria Wanita Sneakers Kasual Senam Fitness Gym Outdoor Casual Shoes - FM Black White, 38",4.8,(10 rating),Rp191.200,Menampilkan 10 dari 10 ulasan,Terjual 60+,100% pembeli merasa puas,xfourth,4.6,"(1,1 rb)",Male
"Keeping Sepatu Sneakers Pria Sepatu Pria Jogging Sepatu Olanhraga Cowok Gym Sport Shoes Sepatu Running Fleksible KSR724 - Hitam, 39",4.7,(7 rating),Rp159.000,Menampilkan 7 dari 7 ulasan,Terjual 30+,85% pembeli merasa puas,Keeping_NEW,4.8,"(15,6 rb)",Male
"Keeping Sepatu Pria Ringan Joging Sepatu Olahraga Lari Cowok Kasual Running Sport Shoes Outdoor KSL306 - Putih, 39",4.6,(12 rating),Rp154.230,unknown,Terjual 40+,91% pembeli merasa puas,Keeping_NEW,4.8,"(15,6 rb)",Male
"Elfs Active X Sunder Sepatu Trailblazer | Semi Trail Running Hiking Shoes - Grey, 39",4.5,(6 rating),Rp549.000,Menampilkan 5 dari 5 ulasan,Terjual 15,83% pembeli merasa puas,Elfs Active,4.9,"(65,5 rb)",Male
"Onarstreet - Sepatu Olahraga Voli Badminton Wanita Onar Sepatu Running Gym Shoes Outdoor - biru, 36",4.4,(135 rating),Rp120.000,Menampilkan 10 dari 97 ulasan,Terjual 1 rb+,84% pembeli merasa puas,Onar Street,4.5,-916,Male
"RJT Street Runner Sepatu Sneaker Pria casual shoes - Sneakers Running Hitam/putih dan Abu Kasual Sport sepatu running Olahraga - Putih, 40",4.4,(289 rating),Rp102.659,unknown,Terjual 1 rb+,85% pembeli merasa puas,RJT Store,4.7,"(8,8 rb)",Male
"[ORIGINAL] Sepatu BEYOMA 750 AIR Sneakers Sport Running Shoes Olahraga BY003 Outdoor - Putih Hijau, 42",4.4,(18 rating),Rp290.000,Menampilkan 10 dari 18 ulasan,Terjual 60+,83% pembeli merasa puas,BEYOMA,4.7,"(3,5 rb)",Male
"[ORIGINAL] Sepatu BEYOMA New Pibu Pria Wanita Sneakers Sport Running Shoes Olahraga Free Kotak Box BY009 Outdoor - Beige, 43",4.3,(6 rating),Rp300.000,Menampilkan 6 dari 6 ulasan,Terjual 16,83% pembeli merasa puas,BEYOMA,4.7,"(3,5 rb)",Male
"SEPATU BEYOMA Run Sporty Pria Wanita Sneakers Sport Running Shoes Olahraga Free Kotak Box BY016 Outdoor - Hitam, 39",4.3,(3 rating),Rp300.000,Menampilkan 3 dari 3 ulasan,Terjual 9,66% pembeli merasa puas,BEYOMA,4.7,"(3,5 rb)",Male
AZA RUN 1 Pygmalion Fresh Morning Running Shoes - Sepatu Lari Pria Wanita warna Putih - 36,5,(23 rating),Rp575.800,Menampilkan 10 dari 16 ulasan,Terjual 70+,100% pembeli merasa puas,AZA Wear,4.9,"(10,2 rb)",Male
AZA RUN 1 Pygmalion G-Force Running Shoes - Sepatu Lari Pria Wanita warna Acid Lime - 36,5,(11 rating),Rp575.800,Menampilkan 7 dari 7 ulasan,Terjual 30+,100% pembeli merasa puas,AZA Wear,4.9,"(10,2 rb)",Male
"Nuevo Crosspeed Putih/Biru Sepatu Olahraga Lari Pria Outdoor Sport Men Running Shoes - Putih Biru merah, 39",4.5,(78 rating),Rp158.000,Menampilkan 10 dari 77 ulasan,Terjual 250+,87% pembeli merasa puas,NUEVO Offcl Shop,4.5,"(9,7 rb)",Male
Gumi Sport Running Shoes Pulse Racer Orora Green - 6 | 38 | 24CM,5,(1 rating),Rp499.900,unknown,Terjual 2,100% pembeli merasa puas,Kick Avenue,4.9,"(4,3 rb)",Male
Sepatu Lari Running Shoes Hundred HNDRD SOFTSRIDE White Gold Black - 44,5,(1 rating),Rp404.000,Menampilkan 1 dari 1 ulasan,Terjual 1,100% pembeli merasa puas,PROCHAMPION,4.9,"(168,3 rb)",Male
"New ! Sepatu Lari / Running Original Eagle Shoes AZKA - ABU ABU CITRUN, 37",5,(1 rating),Rp231.000,unknown,Terjual 1,100% pembeli merasa puas,PROCHAMPION,4.9,"(168,3 rb)",Male
"Hundred Running Shoes Sprintpace HRFS-4M142 - Black/Blue/Purp, 40",5,(7 rating),Rp599.800,Menampilkan 3 dari 3 ulasan,Terjual 19,100% pembeli merasa puas,Hundred Store Indonesia,4.9,-910,Male
AZA RUN 1 Pygmalion Galaxy Running Shoes - Sepatu Lari Pria Wanita warna Hitam - 36,4.8,(10 rating),Rp575.800,Menampilkan 6 dari 6 ulasan,Terjual 30+,100% pembeli merasa puas,AZA Wear,4.9,"(10,2 rb)",Male
"DESLE SHOES SNEAKERS GEYA RUNNING WOMEN - Biru Muda/Biru, 36",unknown,unknown,Rp429.800,unknown,unknown,unknown,Desle Shoes,4.9,-551,Male
"Donatello C3562800 Running Shoes Pria - TAN, 40",unknown,unknown,Rp528.000,unknown,unknown,unknown,DonatelloShoes,5,"(2,1 rb)",Male
"Hundred Running Shoes Glidepace HRFS-4M141 - White/Blue, 41",5,(4 rating),Rp499.800,unknown,Terjual 11,100% pembeli merasa puas,Hundred Store Indonesia,4.9,-910,Male
